6626,Aeleen,4*,wind,lance,3707,[Resounding_Rendition+Beautiful_Nothingness][Vayu][HDT2],<hp70>,,attack:1653,force_strike:254,skill_1:3592,skill_2:0,skill_3:1126,team_buff:0
5807,_c_Aeleen,4*,wind,lance,3707,[Resounding_Rendition+Beautiful_Nothingness][Vayu][HDT2],!<hp70>,,attack:1449,force_strike:222,skill_1:3147,skill_2:0,skill_3:987,team_buff:0
11697,Alain,3*,flame,lance,3985,[Resounding_Rendition+Elegant_Escort][Konohana_Sakuya][Agito],<hp70 & 0 burn res>,81% burn uptime,attack:2585,force_strike:331,skill_1:4935,skill_2:2521,skill_3:0,team_buff:0,s1_burn:1322
8011,_c_Alain,3*,flame,lance,3985,[Resounding_Rendition+Elegant_Escort][Konohana_Sakuya][Agito],!<hp70 & 0 burn res>,,attack:1983,force_strike:256,skill_1:3832,skill_2:1939,skill_3:0,team_buff:0
13150,Albert,5*,light,sword,3772,[The_Shining_Overlord+Sisters_Day_Out][Corsaint_Phoenix][HDT2],<big hitbox & 0 paralysis res>,58% paralysis uptime,attack:1521,force_strike:1399,skill_1:3416,skill_2:0,skill_3:1153,team_buff:0,fs_alt:691,s1_s2boost:2709,s1_hit2:194,s1_hit3:194,s1_hit4:194,s1_hit5:194,s1_hit6:194,fs_paralysis:1285
10035,_c_Albert,5*,light,sword,3772,[The_Shining_Overlord+Sisters_Day_Out][Corsaint_Phoenix][HDT2],!<big hitbox & 0 paralysis res>,,attack:1327,force_strike:1292,skill_1:3025,skill_2:0,skill_3:1023,team_buff:0,fs_alt:594,s1_s2boost:2281,s1_hit2:163,s1_hit3:163,s1_hit4:163
10853,Alex,4*,shadow,dagger,3580,[Twinfold_Bonds+The_Plaguebringer][Fatalis][HDT2],<hp100 & hit15 & 0 poison res>,not consider bk boost of her s2; 84% poison uptime,attack:2646,force_strike:355,skill_1:3602,skill_2:1579,skill_3:1517,team_buff:358,s1_poison:794
6805,_c_Alex,4*,shadow,dagger,3580,[Twinfold_Bonds+The_Plaguebringer][Fatalis][HDT2],!<hp100 & hit15 & 0 poison res>,not consider bk boost of her s2,attack:2045,force_strike:276,skill_1:2260,skill_2:954,skill_3:910,team_buff:358
9108,Alfonse,5*,light,sword,3726,[The_Shining_Overlord+Beautiful_Nothingness][Cupid][HDT2],<last offense & hp70>,,attack:2379,force_strike:1072,skill_1:2760,skill_2:1639,skill_3:1257,team_buff:0
8276,_c_Alfonse,5*,light,sword,3726,[The_Shining_Overlord+Beautiful_Nothingness][Cupid][HDT2],!<last offense & hp70>,,attack:2143,force_strike:965,skill_1:2494,skill_2:1489,skill_3:1183,team_buff:0
10294,Althemia,3*,shadow,wand,3646,[Candy_Couriers+Primal_Crisis][Fatalis][HDT2],<hp100 & hit15>,,attack:3147,force_strike:0,skill_1:3943,skill_2:1773,skill_3:1430,team_buff:0
7624,_c_Althemia,3*,shadow,wand,3646,[Candy_Couriers+Primal_Crisis][Fatalis][HDT2],!<hp100 & hit15>,,attack:2669,force_strike:0,skill_1:2733,skill_2:1229,skill_3:991,team_buff:0
9063,Amane,4*,light,wand,3817,[Candy_Couriers+Primal_Crisis][Daikokuten][HDT2],<hit15>,,attack:3384,force_strike:0,skill_1:4268,skill_2:0,skill_3:1411,team_buff:0
6661,_c_Amane,4*,light,wand,3817,[Candy_Couriers+Primal_Crisis][Daikokuten][HDT2],!<hit15>,,attack:2480,force_strike:0,skill_1:3158,skill_2:0,skill_3:1023,team_buff:0
7574,Annelie,5*,light,lance,3831,[Resounding_Rendition+Beautiful_Nothingness][Cupid][HDT2],<energy & hp70>,1121,attack:2309,force_strike:0,skill_1:2919,skill_2:772,skill_3:1336,team_buff:0,team_energy:50,s1_p1_energized:92,s1_p2_energized:94
5397,_c_Annelie,5*,light,lance,3831,[Resounding_Rendition+Beautiful_Nothingness][Cupid][HDT2],!<energy & hp70>,1121,attack:1966,force_strike:0,skill_1:1982,skill_2:543,skill_3:904,team_buff:0
12189,Aoi,3*,flame,blade,4195,[Resounding_Rendition+Elegant_Escort][Konohana_Sakuya][Agito],<hp70 & 0 burn res>,79% burn uptime,attack:3474,force_strike:0,skill_1:5042,skill_2:2305,skill_3:0,team_buff:0,s1_burn:893,s2_burn:473
8370,_c_Aoi,3*,flame,blade,4195,[Resounding_Rendition+Elegant_Escort][Konohana_Sakuya][Agito],!<hp70 & 0 burn res>,,attack:2681,force_strike:0,skill_1:3924,skill_2:1765,skill_3:0,team_buff:0
8053,Audric,4*,shadow,sword,3682,[The_Shining_Overlord+Beautiful_Nothingness][Shinobi][HDT2],<hp70>,,attack:1369,force_strike:629,skill_1:3380,skill_2:1428,skill_3:1245,team_buff:0
7433,_c_Audric,4*,shadow,sword,3682,[The_Shining_Overlord+Beautiful_Nothingness][Shinobi][HDT2],!<hp70>,,attack:1264,force_strike:581,skill_1:3120,skill_2:1318,skill_3:1149,team_buff:0
7761,Beautician_Zardin,5*,light,blade,3803,[Resounding_Rendition+Jewels_of_the_Sun][Cupid][HDT2],<energy & hp70>,no s2,attack:2579,force_strike:0,skill_1:3450,skill_2:0,skill_3:1300,team_buff:244,s3_energized:98,s1_energized:87
5883,_c_Beautician_Zardin,5*,light,blade,3803,[Resounding_Rendition+Jewels_of_the_Sun][Cupid][HDT2],!<energy & hp70>,no s2,attack:2301,force_strike:0,skill_1:2424,skill_2:0,skill_3:913,team_buff:244
7609,Berserker,4*,shadow,sword,3611,[The_Shining_Overlord+Beautiful_Nothingness][Fatalis][HDT2],<last offense & hp70>,,attack:1800,force_strike:1335,skill_1:3105,skill_2:0,skill_3:1368,team_buff:0
6921,_c_Berserker,4*,shadow,sword,3611,[The_Shining_Overlord+Beautiful_Nothingness][Fatalis][HDT2],!<last offense & hp70>,,attack:1633,force_strike:1211,skill_1:2841,skill_2:0,skill_3:1234,team_buff:0
17021,Botan,4*,shadow,lance,3683,[Resounding_Rendition+Beautiful_Nothingness][Shinobi][HDT2],<buff all team & hp70>,,attack:2011,force_strike:157,skill_1:3365,skill_2:0,skill_3:2068,team_buff:2757,s1_bleed:6661
14332,_c_Botan,4*,shadow,lance,3683,[Resounding_Rendition+Beautiful_Nothingness][Shinobi][HDT2],!<buff all team & hp70>,,attack:1766,force_strike:137,skill_1:2958,skill_2:0,skill_3:1818,team_buff:1794,s1_bleed:5855
14108,Cassandra,5*,shadow,wand,3881,[Candy_Couriers+The_Plaguebringer][Fatalis][HDT2],<hp30 every 90s & reflect 500 damage on every s2 & 0 poison res & hp=80%>,no counter damage; s2 drops combo; 95% poison uptime,attack:3739,force_strike:0,skill_1:4630,skill_2:2446,skill_3:1914,team_buff:0,s1_poison:1076,s2_reflect:300
8645,_c_Cassandra,5*,shadow,wand,3881,[Candy_Couriers+The_Plaguebringer][Fatalis][HDT2],!<hp30 every 90s & reflect 500 damage on every s2 & 0 poison res & hp=80%>,no counter damage; s2 drops combo,attack:2547,force_strike:0,skill_1:3210,skill_2:1573,skill_3:1313,team_buff:0
7814,Celliera,4*,water,blade,3819,[Resounding_Rendition+Jewels_of_the_Sun][Siren][HDT2],<hp70>,,attack:2216,force_strike:0,skill_1:3950,skill_2:0,skill_3:1647,team_buff:0
6439,_c_Celliera,4*,water,blade,3819,[Resounding_Rendition+Jewels_of_the_Sun][Siren][HDT2],!<hp70>,,attack:1826,force_strike:0,skill_1:3255,skill_2:0,skill_3:1357,team_buff:0
12474,Chelsea,5*,flame,bow,3844,[Forest_Bonds+Dear_Diary][Dreadking_Rathalos][Agito],<hp30 every 90s>,,attack:2831,force_strike:3459,skill_1:6182,skill_2:0,skill_3:0,team_buff:0
11613,_c_Chelsea,5*,flame,bow,3844,[Forest_Bonds+Dear_Diary][Dreadking_Rathalos][Agito],!<hp30 every 90s>,,attack:2636,force_strike:3214,skill_1:5761,skill_2:0,skill_3:0,team_buff:0
5471,Cibella,3*,water,lance,3764,[Resounding_Rendition+Beautiful_Nothingness][Dragonyule_Jeanne][HDT2],<hp70>,,attack:2424,force_strike:297,skill_1:0,skill_2:1523,skill_3:1226,team_buff:0
4888,_c_Cibella,3*,water,lance,3764,[Resounding_Rendition+Beautiful_Nothingness][Dragonyule_Jeanne][HDT2],!<hp70>,,attack:2166,force_strike:265,skill_1:0,skill_2:1361,skill_3:1095,team_buff:0
14033,Curran,5*,shadow,axe,4075,[Kung_Fu_Masters+Flower_in_the_Fray][Fatalis][HDT2],<last offense>,no fs,attack:4526,force_strike:0,skill_1:5385,skill_2:2167,skill_3:1300,team_buff:654
13365,_c_Curran,5*,shadow,axe,4075,[Kung_Fu_Masters+Flower_in_the_Fray][Fatalis][HDT2],!<last offense>,no fs,attack:4163,force_strike:0,skill_1:5080,skill_2:2167,skill_3:1300,team_buff:654
9776,Dragonyule_Cleo,5*,water,dagger,3709,[Twinfold_Bonds+The_Prince_of_Dragonyule][Siren][HDT2],<energy & always connect hits & hp70 & hit15>,,attack:1935,force_strike:329,skill_1:2672,skill_2:1936,skill_3:1556,team_buff:972,team_energy:75,s3_energized:169,s2_energized:64,s1_energized:64
7223,_c_Dragonyule_Cleo,5*,water,dagger,3709,[Twinfold_Bonds+The_Prince_of_Dragonyule][Siren][HDT2],!<energy & always connect hits & hp70 & hit15>,,attack:1444,force_strike:245,skill_1:1974,skill_2:1435,skill_3:1150,team_buff:972
12521,Dragonyule_Malora,5*,light,axe,3954,[Kung_Fu_Masters+Flower_in_the_Fray][Cupid][HDT2],<buff all team>,c4fsf c5 c4 s1,attack:3773,force_strike:0,skill_1:2361,skill_2:2127,skill_3:0,team_buff:2557,s2_boost:1701
5998,_c_Dragonyule_Malora,5*,light,axe,3954,[Kung_Fu_Masters+Flower_in_the_Fray][Cupid][HDT2],!<buff all team>,c4fsf c5 c4 s1,attack:3652,force_strike:0,skill_1:2345,skill_2:0,skill_3:0,team_buff:0
6385,Dragonyule_Nefaria,4*,water,bow,3651,[Forest_Bonds+Dear_Diary][Dragonyule_Jeanne][HDT2],<hp30 every 90s>,,attack:1545,force_strike:930,skill_1:3075,skill_2:0,skill_3:833,team_buff:0
5664,_c_Dragonyule_Nefaria,4*,water,bow,3651,[Forest_Bonds+Dear_Diary][Dragonyule_Jeanne][HDT2],!<hp30 every 90s>,,attack:1374,force_strike:825,skill_1:2728,skill_2:0,skill_3:735,team_buff:0
10427,Dragonyule_Xainfried,4*,wind,wand,3801,[A_Dogs_Day+Primal_Crisis][Long_Long][HDT2],<buff all team & hit15>,,attack:3646,force_strike:478,skill_1:0,skill_2:1204,skill_3:1426,team_buff:3670
5488,_c_Dragonyule_Xainfried,4*,wind,wand,3801,[A_Dogs_Day+Primal_Crisis][Long_Long][HDT2],!<buff all team & hit15>,,attack:2965,force_strike:385,skill_1:0,skill_2:978,skill_3:1158,team_buff:0
8193,Dragonyule_Xander,4*,water,wand,3721,[Candy_Couriers+Primal_Crisis][Siren][HDT2],<energy & hit15>,,attack:2268,force_strike:0,skill_1:3860,skill_2:0,skill_3:1373,team_buff:658,team_energy:33
6689,_c_Dragonyule_Xander,4*,water,wand,3721,[Candy_Couriers+Primal_Crisis][Siren][HDT2],!<energy & hit15>,,attack:1835,force_strike:0,skill_1:3095,skill_2:0,skill_3:1100,team_buff:658
17423,Delphi,5*,shadow,dagger,3742,[Mega_Friends+The_Fires_of_Hate][Fatalis][HDT2],<hp100 & s1 defdown for 10s & reflect 500 damage on every s2 & 0 poison res>,87% poison uptime,attack:1891,force_strike:1753,skill_1:752,skill_2:580,skill_3:1006,team_buff:2760,s2_reflect:520,fs_boost:151,fs_poison:5272,s2_poison:2733
7415,_c_Delphi,5*,shadow,dagger,3742,[Mega_Friends+The_Fires_of_Hate][Fatalis][HDT2],!<hp100 & s1 defdown for 10s & reflect 500 damage on every s2 & 0 poison res>,,attack:1445,force_strike:1343,skill_1:570,skill_2:432,skill_3:749,team_buff:2760,fs_boost:114
12316,Durant,4*,shadow,blade,3910,[Seaside_Princess+From_Whence_He_Comes][Fatalis][HDT2],<hp100>,,attack:9258,force_strike:0,skill_1:0,skill_2:0,skill_3:3058,team_buff:0
9312,_c_Durant,4*,shadow,blade,3910,[Seaside_Princess+From_Whence_He_Comes][Fatalis][HDT2],!<hp100>,,attack:7022,force_strike:0,skill_1:0,skill_2:0,skill_3:2289,team_buff:0
9170,Eleonora,4*,wind,bow,3629,[Dear_Diary+The_Fires_of_Hate][Vayu][HDT2],<hp30 every 90s & hp100 & 0 poison res>,94% poison uptime,attack:1503,force_strike:913,skill_1:3076,skill_2:1344,skill_3:1053,team_buff:0,s1_poison:926,s2_poison:351
5246,_c_Eleonora,4*,wind,bow,3629,[Dear_Diary+The_Fires_of_Hate][Vayu][HDT2],!<hp30 every 90s & hp100 & 0 poison res>,,attack:1007,force_strike:605,skill_1:2055,skill_2:889,skill_3:689,team_buff:0
6783,Elias,4*,light,bow,3469,[Forest_Bonds+Dear_Diary][Daikokuten][HDT2],<energy & last offense & hit15 & hp30 every 90s>,,attack:1842,force_strike:1065,skill_1:2894,skill_2:0,skill_3:980,team_buff:0
5041,_c_Elias,4*,light,bow,3469,[Forest_Bonds+Dear_Diary][Daikokuten][HDT2],!<energy & last offense & hit15 & hp30 every 90s>,,attack:1353,force_strike:778,skill_1:2158,skill_2:0,skill_3:750,team_buff:0
11868,Elisanne,4*,water,lance,3777,[Beach_Battle+From_Whence_He_Comes][Halloween_Maritimus][HDT2],<>,no s2 or s3,attack:2509,force_strike:0,skill_1:0,skill_2:0,skill_3:0,team_buff:9359
13775,Emma,4*,flame,lance,3894,[Castle_Cheer_Corps+From_Whence_He_Comes][Dreadking_Rathalos][Agito],<buff all team>,,attack:3700,force_strike:780,skill_1:0,skill_2:0,skill_3:0,team_buff:9295
4480,_c_Emma,4*,flame,lance,3894,[Castle_Cheer_Corps+From_Whence_He_Comes][Dreadking_Rathalos][Agito],!<buff all team>,,attack:3700,force_strike:780,skill_1:0,skill_2:0,skill_3:0,team_buff:0
8738,Erik,3*,shadow,axe,3875,[Kung_Fu_Masters+Crystalian_Envoy][Fatalis][HDT2],<hp70>,,attack:3295,force_strike:526,skill_1:3017,skill_2:1235,skill_3:664,team_buff:0
8149,_c_Erik,3*,shadow,axe,3875,[Kung_Fu_Masters+Crystalian_Envoy][Fatalis][HDT2],!<hp70>,,attack:3073,force_strike:491,skill_1:2813,skill_2:1151,skill_3:619,team_buff:0
14839,Euden,4*,flame,sword,4038,[The_Shining_Overlord+Elegant_Escort][Dreadking_Rathalos][Agito],<0 burn res>,86% burn uptime,attack:2881,force_strike:2323,skill_1:5506,skill_2:2360,skill_3:0,team_buff:550,s1_burn:1217
11130,_c_Euden,4*,flame,sword,4038,[The_Shining_Overlord+Elegant_Escort][Dreadking_Rathalos][Agito],!<0 burn res>,,attack:2301,force_strike:1869,skill_1:4549,skill_2:1860,skill_3:0,team_buff:550
8645,Fjorm,5*,water,lance,3883,[Resounding_Rendition+Beautiful_Nothingness][Siren][HDT2],<hp70 & reflect 500 damage on every s2>,,attack:1416,force_strike:57,skill_1:3072,skill_2:1950,skill_3:1147,team_buff:597,s2_reflect:404
7296,_c_Fjorm,5*,water,lance,3883,[Resounding_Rendition+Beautiful_Nothingness][Siren][HDT2],!<hp70 & reflect 500 damage on every s2>,,attack:1241,force_strike:50,skill_1:2692,skill_2:1708,skill_3:1005,team_buff:597
16349,Fleur,4*,light,dagger,3657,[Twinfold_Bonds+Spirit_of_the_Season][Daikokuten][HDT2],<hp70 & hit15 & hp100 & 0 paralysis res>,c4fs; 87% paralysis uptime,attack:3408,force_strike:833,skill_1:7668,skill_2:0,skill_3:2053,team_buff:0,s1_paralysis:2386
5951,_c_Fleur,4*,light,dagger,3657,[Twinfold_Bonds+Spirit_of_the_Season][Daikokuten][HDT2],!<hp70 & hit15 & hp100 & 0 paralysis res>,c4fs,attack:2033,force_strike:512,skill_1:2250,skill_2:0,skill_3:1154,team_buff:0
7456,Francesca,3*,wind,dagger,3519,[Twinfold_Bonds+Levins_Champion][Vayu][HDT2],<hit15 & hp70>,,attack:1578,force_strike:425,skill_1:3021,skill_2:1179,skill_3:1128,team_buff:124
6184,_c_Francesca,3*,wind,dagger,3519,[Twinfold_Bonds+Levins_Champion][Vayu][HDT2],!<hit15 & hp70>,,attack:1309,force_strike:353,skill_1:2493,skill_2:973,skill_3:931,team_buff:124
8010,Fritz,4*,light,dagger,3618,[Twinfold_Bonds+Levins_Champion][Daikokuten][HDT2],<hit15 & hp70>,,attack:2947,force_strike:325,skill_1:2935,skill_2:0,skill_3:1034,team_buff:376,fs_boost:391
6032,_c_Fritz,4*,light,dagger,3618,[Twinfold_Bonds+Levins_Champion][Daikokuten][HDT2],!<hit15 & hp70>,,attack:2194,force_strike:244,skill_1:2166,skill_2:0,skill_3:763,team_buff:376,fs_boost:289
18759,Gala_Cleo,5*,shadow,wand,3705,[Candy_Couriers+Jewels_of_the_Sun][Shinobi][HDT2],<hp70 & always in a1>,(the true cleo is here),attack:2331,force_strike:0,skill_1:7823,skill_2:1058,skill_3:1577,team_buff:5968
11025,_c_Gala_Cleo,5*,shadow,wand,3705,[Candy_Couriers+Jewels_of_the_Sun][Shinobi][HDT2],!<hp70 & always in a1>,(the true cleo is here),attack:1750,force_strike:0,skill_1:5610,skill_2:781,skill_3:1226,team_buff:1655
12672,Gala_Elisanne,5*,water,axe,3798,[Beach_Battle+From_Whence_He_Comes][Halloween_Maritimus][HDT2],<buff all team & energy>,,attack:2943,force_strike:379,skill_1:0,skill_2:0,skill_3:0,team_buff:9348
3323,_c_Gala_Elisanne,5*,water,axe,3798,[Beach_Battle+From_Whence_He_Comes][Halloween_Maritimus][HDT2],!<buff all team & energy>,,attack:2943,force_strike:379,skill_1:0,skill_2:0,skill_3:0,team_buff:0
11085,Gala_Euden,5*,light,sword,3763,[The_Shining_Overlord+Sisters_Day_Out][Cupid][HDT2],<s1 buff for 10s & draconic charge & 0 paralysis res>,c2+fs; 22% paralysis uptime,attack:1791,force_strike:1841,skill_1:1190,skill_2:1125,skill_3:1412,team_buff:3548,s2_paralysis:175
7006,_c_Gala_Euden,5*,light,sword,3763,[The_Shining_Overlord+Sisters_Day_Out][Cupid][HDT2],!<s1 buff for 10s & draconic charge & 0 paralysis res>,c2+fs,attack:1533,force_strike:1591,skill_1:1134,skill_2:938,skill_3:1213,team_buff:595
9803,Gala_Mym,5*,flame,lance,3957,[Resounding_Rendition+Beautiful_Nothingness][Konohana_Sakuya][Agito],<hp70>,,attack:2188,force_strike:344,skill_1:4996,skill_2:2273,skill_3:0,team_buff:0
8590,_c_Gala_Mym,5*,flame,lance,3957,[Resounding_Rendition+Beautiful_Nothingness][Konohana_Sakuya][Agito],!<hp70>,,attack:1917,force_strike:302,skill_1:4378,skill_2:1992,skill_3:0,team_buff:0
10761,Gala_Ranzal,5*,wind,sword,3618,[Jewels_of_the_Sun+The_Shining_Overlord][Vayu][HDT2],<hp70>,no s2,attack:1449,force_strike:791,skill_1:4870,skill_2:0,skill_3:1701,team_buff:0,s1_boost:1948
9933,_c_Gala_Ranzal,5*,wind,sword,3618,[Jewels_of_the_Sun+The_Shining_Overlord][Vayu][HDT2],!<hp70>,no s2,attack:1337,force_strike:730,skill_1:4495,skill_2:0,skill_3:1571,team_buff:0,s1_boost:1798
12531,Gala_Sarisse,5*,flame,bow,3816,[Forest_Bonds+Dear_Diary][Konohana_Sakuya][Agito],<hp30 every 90s & never lose combos>,,attack:1901,force_strike:587,skill_1:9351,skill_2:0,skill_3:0,team_buff:691
8214,_c_Gala_Sarisse,5*,flame,bow,3816,[Forest_Bonds+Dear_Diary][Konohana_Sakuya][Agito],!<hp30 every 90s & never lose combos>,,attack:1608,force_strike:502,skill_1:5411,skill_2:0,skill_3:0,team_buff:691
6837,Halloween_Edward,3*,light,blade,3760,[Resounding_Rendition+Seaside_Princess][Cupid][HDT2],<hp100 & hp70>,,attack:2553,force_strike:0,skill_1:2495,skill_2:963,skill_3:824,team_buff:0
5490,_c_Halloween_Edward,3*,light,blade,3760,[Resounding_Rendition+Seaside_Princess][Cupid][HDT2],!<hp100 & hp70>,,attack:2050,force_strike:0,skill_1:2004,skill_2:774,skill_3:662,team_buff:0
8775,Halloween_Elisanne,5*,light,lance,3843,[Resounding_Rendition+Jewels_of_the_Sun][Cupid][HDT2],<hp70>,,attack:1619,force_strike:231,skill_1:3318,skill_2:1067,skill_3:1065,team_buff:1474
7986,_c_Halloween_Elisanne,5*,light,lance,3843,[Resounding_Rendition+Jewels_of_the_Sun][Cupid][HDT2],!<hp70>,,attack:1444,force_strike:206,skill_1:2959,skill_2:952,skill_3:949,team_buff:1474
11680,Halloween_Mym,5*,flame,axe,4018,[Kung_Fu_Masters+Jewels_of_the_Sun][Dreadking_Rathalos][Agito],<hp70 & s1 defdown for 10s & buff all team>,,attack:4659,force_strike:1470,skill_1:1636,skill_2:0,skill_3:0,team_buff:3914
6722,_c_Halloween_Mym,5*,flame,axe,4018,[Kung_Fu_Masters+Jewels_of_the_Sun][Dreadking_Rathalos][Agito],!<hp70 & s1 defdown for 10s & buff all team>,,attack:3912,force_strike:1273,skill_1:1536,skill_2:0,skill_3:0,team_buff:0
12469,Halloween_Odetta,4*,water,sword,3795,[Mega_Friends+FirstRate_Hospitality][Dragonyule_Jeanne][HDT2],<buff all team & hp70>,,attack:2214,force_strike:2290,skill_1:3081,skill_2:0,skill_3:1369,team_buff:3513
8957,_c_Halloween_Odetta,4*,water,sword,3795,[Mega_Friends+FirstRate_Hospitality][Dragonyule_Jeanne][HDT2],!<buff all team & hp70>,,attack:2098,force_strike:2170,skill_1:2920,skill_2:0,skill_3:1297,team_buff:470
7193,Hawk,5*,wind,bow,3654,[Forest_Bonds+Dear_Diary][AC011_Garland][HDT2],<hp100 & maintain shield & hp30 every 90s & 80 stun res>,,attack:1759,force_strike:1009,skill_1:3150,skill_2:0,skill_3:1156,team_buff:0,fs_boost:117
5088,_c_Hawk,5*,wind,bow,3654,[Forest_Bonds+Dear_Diary][AC011_Garland][HDT2],!<hp100 & maintain shield & hp30 every 90s & 80 stun res>,,attack:1316,force_strike:756,skill_1:2081,skill_2:0,skill_3:846,team_buff:0,fs_boost:86
7683,Irfan,3*,light,dagger,3603,[Twinfold_Bonds+Levins_Champion][Daikokuten][HDT2],<hit15 & hp70>,,attack:2581,force_strike:317,skill_1:2711,skill_2:1063,skill_3:1009,team_buff:0
5693,_c_Irfan,3*,light,dagger,3603,[Twinfold_Bonds+Levins_Champion][Daikokuten][HDT2],!<hit15 & hp70>,,attack:1924,force_strike:238,skill_1:2001,skill_2:784,skill_3:744,team_buff:0
5880,Jakob,3*,water,lance,3764,[Resounding_Rendition+Beautiful_Nothingness][Dragonyule_Jeanne][HDT2],<hp70 & 100 bog res>,,attack:2184,force_strike:321,skill_1:2352,skill_2:0,skill_3:1021,team_buff:0
5254,_c_Jakob,3*,water,lance,3764,[Resounding_Rendition+Beautiful_Nothingness][Dragonyule_Jeanne][HDT2],!<hp70 & 100 bog res>,,attack:1951,force_strike:287,skill_1:2102,skill_2:0,skill_3:912,team_buff:0
12830,Joe,3*,flame,bow,3958,[Mega_Friends+Dear_Diary][Dreadking_Rathalos][Agito],<hp30 every 90s & hp100 & 0 burn res>,88% burn uptime,attack:2403,force_strike:3246,skill_1:3996,skill_2:1727,skill_3:0,team_buff:0,s1_burn:966,s2_burn:490
10284,_c_Joe,3*,flame,bow,3958,[Mega_Friends+Dear_Diary][Dreadking_Rathalos][Agito],!<hp30 every 90s & hp100 & 0 burn res>,,attack:2175,force_strike:2930,skill_1:3614,skill_2:1564,skill_3:0,team_buff:0
8766,Johanna,3*,wind,axe,3666,[Kung_Fu_Masters+Crystalian_Envoy][Vayu][HDT2],<hp70>,,attack:2224,force_strike:241,skill_1:3460,skill_2:1698,skill_3:1142,team_buff:0
7909,_c_Johanna,3*,wind,axe,3666,[Kung_Fu_Masters+Crystalian_Envoy][Vayu][HDT2],!<hp70>,,attack:2006,force_strike:217,skill_1:3122,skill_2:1532,skill_3:1030,team_buff:0
7129,Julietta,5*,light,axe,3872,[Kung_Fu_Masters+Flower_in_the_Fray][Cupid][HDT2],<>,no fs & no s2,attack:2951,force_strike:0,skill_1:3288,skill_2:0,skill_3:889,team_buff:0
7438,Jurota,3*,water,blade,3807,[Resounding_Rendition+Beautiful_Nothingness][Siren][HDT2],<hp70>,,attack:2171,force_strike:0,skill_1:3794,skill_2:0,skill_3:1472,team_buff:0
6518,_c_Jurota,3*,water,blade,3807,[Resounding_Rendition+Beautiful_Nothingness][Siren][HDT2],!<hp70>,,attack:1903,force_strike:0,skill_1:3325,skill_2:0,skill_3:1290,team_buff:0
8285,Karina,4*,water,axe,3722,[Kung_Fu_Masters+Crystalian_Envoy][Siren][HDT2],<hp70>,,attack:2078,force_strike:245,skill_1:3681,skill_2:1584,skill_3:696,team_buff:0
7475,_c_Karina,4*,water,axe,3722,[Kung_Fu_Masters+Crystalian_Envoy][Siren][HDT2],!<hp70>,,attack:1875,force_strike:221,skill_1:3321,skill_2:1429,skill_3:628,team_buff:0
16181,Karl,4*,flame,sword,4009,[The_Lurker_in_the_Woods+Primal_Crisis][Dreadking_Rathalos][Agito],<hit15 & hp70>,,attack:5357,force_strike:6942,skill_1:0,skill_2:0,skill_3:0,team_buff:3881
12944,_c_Karl,4*,flame,sword,4009,[The_Lurker_in_the_Woods+Primal_Crisis][Dreadking_Rathalos][Agito],!<hit15 & hp70>,,attack:3950,force_strike:5112,skill_1:0,skill_2:0,skill_3:0,team_buff:3881
8690,Kleimann,4*,shadow,wand,3661,[Candy_Couriers+Primal_Crisis][Fatalis][HDT2],<hit15>,,attack:2958,force_strike:522,skill_1:3755,skill_2:1453,skill_3:0,team_buff:0
7335,_c_Kleimann,4*,shadow,wand,3661,[Candy_Couriers+Primal_Crisis][Fatalis][HDT2],!<hit15>,,attack:2510,force_strike:440,skill_1:3161,skill_2:1223,skill_3:0,team_buff:0
7728,Ku_Hai,4*,wind,sword,3592,[The_Lurker_in_the_Woods+Resounding_Rendition][Zephyr][HDT2],<huge hitbox eneny & hp70>,c2+fs during s2,attack:1491,force_strike:77,skill_1:2559,skill_2:0,skill_3:727,team_buff:0,fs_alt_hit1:957,fs_alt_hit2:957,fs_alt_hit3:957
5563,_c_Ku_Hai,4*,wind,sword,3592,[The_Lurker_in_the_Woods+Resounding_Rendition][Zephyr][HDT2],!<huge hitbox eneny & hp70>,c2+fs during s2,attack:1025,force_strike:285,skill_1:1988,skill_2:0,skill_3:664,team_buff:0,fs_alt_hit1:799,fs_alt_hit2:799
8050,Laranoa,5*,water,bow,3658,[Forest_Bonds+Dear_Diary][Siren][HDT2],<buff all team & hp30 every 90s>,doesn't count spbuff for teammates,attack:1390,force_strike:448,skill_1:4682,skill_2:0,skill_3:1130,team_buff:399
6821,_c_Laranoa,5*,water,bow,3658,[Forest_Bonds+Dear_Diary][Siren][HDT2],!<buff all team & hp30 every 90s>,doesn't count spbuff for teammates,attack:1239,force_strike:400,skill_1:4172,skill_2:0,skill_3:1008,team_buff:0
10798,Lathna,5*,shadow,lance,3822,[Resounding_Rendition+Beautiful_Nothingness][Shinobi][HDT2],<hp70>,no poison,attack:1656,force_strike:0,skill_1:5808,skill_2:2746,skill_3:586,team_buff:0
9462,_c_Lathna,5*,shadow,lance,3822,[Resounding_Rendition+Beautiful_Nothingness][Shinobi][HDT2],!<hp70>,no poison,attack:1451,force_strike:0,skill_1:5089,skill_2:2406,skill_3:514,team_buff:0
6387,Laxi,4*,flame,blade,4033,[Heralds_of_Hinomoto+Dear_Diary][Konohana_Sakuya][Agito],<hp30 every 90s>,a1 proc at 0s,attack:2853,force_strike:0,skill_1:1830,skill_2:0,skill_3:0,team_buff:0,s1_boost:1702
5822,_c_Laxi,4*,flame,blade,4033,[Heralds_of_Hinomoto+Dear_Diary][Konohana_Sakuya][Agito],!<hp30 every 90s>,a1 proc at 0s,attack:2597,force_strike:0,skill_1:1671,skill_2:0,skill_3:0,team_buff:0,s1_boost:1553
10822,Lea,5*,flame,sword,3915,[The_Shining_Overlord+Elegant_Escort][Dreadking_Rathalos][Agito],<reflect 500 damage on every s2 & 0 burn res>,c2+fs; 88% burn uptime,attack:1450,force_strike:2259,skill_1:3713,skill_2:1821,skill_3:0,team_buff:0,s1_burn:1173,s2_reflect:405
7370,_c_Lea,5*,flame,sword,3915,[The_Shining_Overlord+Elegant_Escort][Dreadking_Rathalos][Agito],!<reflect 500 damage on every s2 & 0 burn res>,c2+fs,attack:1161,force_strike:1809,skill_1:2986,skill_2:1413,skill_3:0,team_buff:0
8297,Lily,5*,water,wand,3741,[Candy_Couriers+Seaside_Princess][Siren][HDT2],<hp100>,,attack:1725,force_strike:0,skill_1:3450,skill_2:1735,skill_3:1385,team_buff:0
6609,_c_Lily,5*,water,wand,3741,[Candy_Couriers+Seaside_Princess][Siren][HDT2],!<hp100>,,attack:1374,force_strike:0,skill_1:2748,skill_2:1382,skill_3:1103,team_buff:0
7617,Linus,3*,light,axe,3831,[Kung_Fu_Masters+Flower_in_the_Fray][Cupid][HDT2],<>,,attack:2613,force_strike:217,skill_1:2693,skill_2:1211,skill_3:881,team_buff:0
10026,Lin_You,5*,wind,axe,3782,[Kung_Fu_Masters+Crystalian_Envoy][Vayu][HDT2],<hp70>,2in1 ,attack:2658,force_strike:0,skill_1:4421,skill_2:0,skill_3:1656,team_buff:0,s1_powerup:1289
8516,_c_Lin_You,5*,wind,axe,3782,[Kung_Fu_Masters+Crystalian_Envoy][Vayu][HDT2],!<hp70>,2in1 ,attack:2258,force_strike:0,skill_1:3756,skill_2:0,skill_3:1406,team_buff:0,s1_powerup:1095
10027,Louise,5*,wind,bow,3616,[Dear_Diary+The_Fires_of_Hate][Vayu][HDT2],<hp30 every 90s & hp100 & 0 poison res>,no fs; 90% poison uptime,attack:2080,force_strike:0,skill_1:3182,skill_2:2735,skill_3:1088,team_buff:0,s1_poison:940
5482,_c_Louise,5*,wind,bow,3616,[Dear_Diary+The_Fires_of_Hate][Vayu][HDT2],!<hp30 every 90s & hp100 & 0 poison res>,no fs,attack:1405,force_strike:0,skill_1:2138,skill_2:1221,skill_3:717,team_buff:0
7970,Luca,4*,light,bow,3507,[Forest_Bonds+Dear_Diary][Daikokuten][HDT2],<hp100 & hit15 & hp30 every 90s & 0 paralysis res>,84% paralysis uptime,attack:1804,force_strike:1058,skill_1:2647,skill_2:1205,skill_3:520,team_buff:0,s1_paralysis:734
5179,_c_Luca,4*,light,bow,3507,[Forest_Bonds+Dear_Diary][Daikokuten][HDT2],!<hp100 & hit15 & hp30 every 90s & 0 paralysis res>,,attack:1294,force_strike:753,skill_1:1886,skill_2:864,skill_3:379,team_buff:0
8220,Lucretia,5*,light,wand,3844,[Candy_Couriers+Primal_Crisis][Daikokuten][HDT2],<energy & hit15>,,attack:3611,force_strike:0,skill_1:2652,skill_2:0,skill_3:1398,team_buff:0,team_energy:58,s3_energized:499
5143,_c_Lucretia,5*,light,wand,3844,[Candy_Couriers+Primal_Crisis][Daikokuten][HDT2],!<energy & hit15>,,attack:2502,force_strike:0,skill_1:1783,skill_2:0,skill_3:857,team_buff:0
8522,Luther,4*,water,dagger,3683,[Twinfold_Bonds+The_Prince_of_Dragonyule][Siren][HDT2],<hit15>,,attack:1856,force_strike:205,skill_1:3535,skill_2:1359,skill_3:1459,team_buff:105
6474,_c_Luther,4*,water,dagger,3683,[Twinfold_Bonds+The_Prince_of_Dragonyule][Siren][HDT2],!<hit15>,,attack:1417,force_strike:158,skill_1:2666,skill_2:1025,skill_3:1100,team_buff:105
7235,Malka,3*,light,lance,3791,[Resounding_Rendition+Beautiful_Nothingness][Cupid][HDT2],<hp70>,,attack:2270,force_strike:307,skill_1:2555,skill_2:0,skill_3:1106,team_buff:995
6571,_c_Malka,3*,light,lance,3791,[Resounding_Rendition+Beautiful_Nothingness][Cupid][HDT2],!<hp70>,,attack:2028,force_strike:274,skill_1:2283,skill_2:0,skill_3:988,team_buff:995
7863,Malora,3*,light,bow,3507,[Forest_Bonds+Dear_Diary][Daikokuten][HDT2],<hit15 & hp30 every 90s>,,attack:1831,force_strike:563,skill_1:2883,skill_2:1207,skill_3:1055,team_buff:322
6096,_c_Malora,3*,light,bow,3507,[Forest_Bonds+Dear_Diary][Daikokuten][HDT2],!<hit15 & hp30 every 90s>,,attack:1410,force_strike:431,skill_1:2207,skill_2:917,skill_3:807,team_buff:322
11313,Maribelle,5*,wind,wand,3867,[Candy_Couriers+Primal_Crisis][AC011_Garland][HDT2],<maintain shield & hp100 & hit15>,,attack:2782,force_strike:0,skill_1:4225,skill_2:1998,skill_3:1929,team_buff:377
7009,_c_Maribelle,5*,wind,wand,3867,[Candy_Couriers+Primal_Crisis][AC011_Garland][HDT2],!<maintain shield & hp100 & hit15>,,attack:1984,force_strike:0,skill_1:2402,skill_2:1124,skill_3:1119,team_buff:377
14497,Marth,5*,flame,sword,3906,[Mega_Friends+Primal_Crisis][Dreadking_Rathalos][Agito],<hit15>,c2fs,attack:2345,force_strike:3480,skill_1:4969,skill_2:1966,skill_3:0,team_buff:1734
11561,_c_Marth,5*,flame,sword,3906,[Mega_Friends+Primal_Crisis][Dreadking_Rathalos][Agito],!<hit15>,c2fs,attack:1805,force_strike:2679,skill_1:3798,skill_2:1543,skill_3:0,team_buff:1734
9791,Marty,3*,flame,sword,3777,[Mega_Friends+Beautiful_Nothingness][Dreadking_Rathalos][Agito],<hp70>,,attack:2330,force_strike:3438,skill_1:4022,skill_2:0,skill_3:0,team_buff:0
9197,_c_Marty,3*,flame,sword,3777,[Mega_Friends+Beautiful_Nothingness][Dreadking_Rathalos][Agito],!<hp70>,,attack:2189,force_strike:3229,skill_1:3778,skill_2:0,skill_3:0,team_buff:0
10255,Melody,3*,wind,blade,3805,[Resounding_Rendition+A_Dogs_Day][AC011_Garland][HDT2],<maintain shield & hp100 & hp70>,no s2,attack:3378,force_strike:0,skill_1:0,skill_2:1795,skill_3:1272,team_buff:3808
8729,_c_Melody,3*,wind,blade,3805,[Resounding_Rendition+A_Dogs_Day][AC011_Garland][HDT2],!<maintain shield & hp100 & hp70>,no s2,attack:2587,force_strike:0,skill_1:0,skill_2:1377,skill_3:955,team_buff:3808
9550,Melsa,4*,flame,dagger,3813,[Twinfold_Bonds+The_Lurker_in_the_Woods][Dreadking_Rathalos][Agito],<hit15>,,attack:1676,force_strike:3291,skill_1:3227,skill_2:1354,skill_3:0,team_buff:0
8299,_c_Melsa,4*,flame,dagger,3813,[Twinfold_Bonds+The_Lurker_in_the_Woods][Dreadking_Rathalos][Agito],!<hit15>,,attack:1461,force_strike:2865,skill_1:2798,skill_2:1174,skill_3:0,team_buff:0
9554,Mikoto,5*,flame,blade,4066,[Resounding_Rendition+Beautiful_Nothingness][Arctos][Agito],<hp70>,,attack:5421,force_strike:0,skill_1:4132,skill_2:0,skill_3:0,team_buff:0
7514,_c_Mikoto,5*,flame,blade,4066,[Resounding_Rendition+Beautiful_Nothingness][Arctos][Agito],!<hp70>,,attack:4264,force_strike:0,skill_1:3250,skill_2:0,skill_3:0,team_buff:0
10216,Musashi,4*,wind,blade,3861,[Resounding_Rendition+The_Fires_of_Hate][Vayu][HDT2],<last offense & hp70 & hp100 & 0 poison res>,86% poison uptime,attack:2744,force_strike:0,skill_1:4867,skill_2:0,skill_3:1470,team_buff:0,s1_poison:1134
6380,_c_Musashi,4*,wind,blade,3861,[Resounding_Rendition+The_Fires_of_Hate][Vayu][HDT2],!<last offense & hp70 & hp100 & 0 poison res>,,attack:1889,force_strike:0,skill_1:3455,skill_2:0,skill_3:1036,team_buff:0
16239,Naveed,5*,flame,sword,4082,[The_Shining_Overlord+Primal_Crisis][Konohana_Sakuya][Agito],<hit15>,,attack:2721,force_strike:929,skill_1:6228,skill_2:0,skill_3:0,team_buff:0,s1_boost:6360
12429,_c_Naveed,5*,flame,sword,4082,[The_Shining_Overlord+Primal_Crisis][Konohana_Sakuya][Agito],!<hit15>,,attack:2086,force_strike:704,skill_1:4796,skill_2:0,skill_3:0,team_buff:0,s1_boost:4842
8040,Nefaria,5*,shadow,bow,3608,[Forest_Bonds+Dear_Diary][Fatalis][HDT2],<hp30 every 90s & hp100 & 80 blind res>,,attack:1819,force_strike:1115,skill_1:3423,skill_2:0,skill_3:1553,team_buff:0,fs_boost:129
6365,_c_Nefaria,5*,shadow,bow,3608,[Forest_Bonds+Dear_Diary][Fatalis][HDT2],!<hp30 every 90s & hp100 & 80 blind res>,,attack:1569,force_strike:942,skill_1:2481,skill_2:0,skill_3:1262,team_buff:0,fs_boost:111
9029,Nicolas,3*,wind,wand,3826,[Candy_Couriers+Primal_Crisis][Vayu][HDT2],<hit15>,,attack:2252,force_strike:0,skill_1:3594,skill_2:1763,skill_3:1419,team_buff:0
7256,_c_Nicolas,3*,wind,wand,3826,[Candy_Couriers+Primal_Crisis][Vayu][HDT2],!<hit15>,,attack:1823,force_strike:0,skill_1:2881,skill_2:1413,skill_3:1138,team_buff:0
15070,Noelle,4*,wind,wand,3798,[A_Dogs_Day+Castle_Cheer_Corps][Freyja][HDT2],<buff all team>,,attack:2367,force_strike:35,skill_1:0,skill_2:1188,skill_3:1198,team_buff:10280
4789,_c_Noelle,4*,wind,wand,3798,[A_Dogs_Day+Castle_Cheer_Corps][Freyja][HDT2],!<buff all team>,,attack:2367,force_strike:35,skill_1:0,skill_2:1188,skill_3:1198,team_buff:0
8064,Norwin,4*,shadow,bow,3621,[Forest_Bonds+Dear_Diary][Fatalis][HDT2],<hp30 every 90s & 80 blind res>,,attack:1947,force_strike:283,skill_1:4297,skill_2:0,skill_3:1189,team_buff:347
6576,_c_Norwin,4*,shadow,bow,3621,[Forest_Bonds+Dear_Diary][Fatalis][HDT2],!<hp30 every 90s & 80 blind res>,,attack:1675,force_strike:246,skill_1:3642,skill_2:0,skill_3:1012,team_buff:0
11308,Odetta,4*,light,sword,3737,[Resounding_Rendition+The_Lurker_in_the_Woods][Cupid][HDT2],<buff all team & hp70>,c2+fs,attack:2094,force_strike:2322,skill_1:2864,skill_2:0,skill_3:1275,team_buff:2753
8101,_c_Odetta,4*,light,sword,3737,[Resounding_Rendition+The_Lurker_in_the_Woods][Cupid][HDT2],!<buff all team & hp70>,c2+fs,attack:1867,force_strike:2071,skill_1:2554,skill_2:0,skill_3:1137,team_buff:470
7819,Orion,4*,shadow,dagger,3572,[Twinfold_Bonds+Howling_to_the_Heavens][Fatalis][HDT2],<hit15>,,attack:2813,force_strike:322,skill_1:2181,skill_2:1342,skill_3:1159,team_buff:0
6181,_c_Orion,4*,shadow,dagger,3572,[Twinfold_Bonds+Howling_to_the_Heavens][Fatalis][HDT2],!<hit15>,,attack:2226,force_strike:252,skill_1:1742,skill_2:1051,skill_3:907,team_buff:0
8852,Orsem,4*,water,dagger,3723,[Twinfold_Bonds+The_Prince_of_Dragonyule][Siren][HDT2],<hit15 & hp70>,,attack:1727,force_strike:346,skill_1:3684,skill_2:1574,skill_3:1518,team_buff:0
6431,_c_Orsem,4*,water,dagger,3723,[Twinfold_Bonds+The_Prince_of_Dragonyule][Siren][HDT2],!<hit15 & hp70>,,attack:1268,force_strike:254,skill_1:2668,skill_2:1140,skill_3:1099,team_buff:0
7905,Philia,3*,wind,bow,3613,[Forest_Bonds+Dear_Diary][AC011_Garland][HDT2],<maintain shield & hp100 & hp30 every 90s & 0 paralysis res>,44% paralysis uptime,attack:2477,force_strike:0,skill_1:2698,skill_2:1016,skill_3:1490,team_buff:0,s2_paralysis:222
5488,_c_Philia,3*,wind,bow,3613,[Forest_Bonds+Dear_Diary][AC011_Garland][HDT2],!<maintain shield & hp100 & hp30 every 90s & 0 paralysis res>,,attack:1781,force_strike:0,skill_1:1916,skill_2:739,skill_3:1050,team_buff:0
6344,Pia,4*,wind,lance,3669,[Resounding_Rendition+Beautiful_Nothingness][Vayu][HDT2],<energy & hp70>,,attack:1636,force_strike:162,skill_1:3323,skill_2:0,skill_3:1122,team_buff:0,team_energy:41,s1_energized:58
5472,_c_Pia,4*,wind,lance,3669,[Resounding_Rendition+Beautiful_Nothingness][Vayu][HDT2],!<energy & hp70>,,attack:1433,force_strike:142,skill_1:2912,skill_2:0,skill_3:983,team_buff:0
6944,Pietro,3*,water,axe,3702,[Kung_Fu_Masters+Flower_in_the_Fray][Siren][HDT2],<>,,attack:2032,force_strike:251,skill_1:3591,skill_2:0,skill_3:1068,team_buff:0
7891,Raemond,3*,light,sword,3710,[The_Shining_Overlord+Beautiful_Nothingness][Cupid][HDT2],<hp70>,,attack:2029,force_strike:933,skill_1:2658,skill_2:1189,skill_3:1080,team_buff:0
7427,_c_Raemond,3*,light,sword,3710,[The_Shining_Overlord+Beautiful_Nothingness][Cupid][HDT2],!<hp70>,,attack:1910,force_strike:878,skill_1:2501,skill_2:1119,skill_3:1017,team_buff:0
12816,Ramona,5*,flame,axe,4053,[Kung_Fu_Masters+Valiant_Crown][Konohana_Sakuya][Agito],<>,,attack:2219,force_strike:0,skill_1:10597,skill_2:0,skill_3:0,team_buff:0
7816,Ranzal,4*,wind,axe,3673,[Kung_Fu_Masters+Jewels_of_the_Sun][Vayu][HDT2],<hp70>,do not use fs,attack:2270,force_strike:0,skill_1:4058,skill_2:0,skill_3:1488,team_buff:0
7215,_c_Ranzal,4*,wind,axe,3673,[Kung_Fu_Masters+Jewels_of_the_Sun][Vayu][HDT2],!<hp70>,do not use fs,attack:2095,force_strike:0,skill_1:3746,skill_2:0,skill_3:1373,team_buff:0
7036,Rawn,4*,light,bow,3523,[Forest_Bonds+Dear_Diary][Daikokuten][HDT2],<hit15 & hp30 every 90s>,,attack:1810,force_strike:448,skill_1:2483,skill_2:1296,skill_3:998,team_buff:0
5385,_c_Rawn,4*,light,bow,3523,[Forest_Bonds+Dear_Diary][Daikokuten][HDT2],!<hit15 & hp30 every 90s>,,attack:1394,force_strike:344,skill_1:1896,skill_2:985,skill_3:764,team_buff:0
13612,Rena,5*,flame,blade,3982,[Resounding_Rendition+Elegant_Escort][Konohana_Sakuya][Agito],<hp70 & 0 burn res>,84% burn uptime,attack:2756,force_strike:344,skill_1:8429,skill_2:0,skill_3:0,team_buff:0,s1_burn:2082
7284,_c_Rena,5*,flame,blade,3982,[Resounding_Rendition+Elegant_Escort][Konohana_Sakuya][Agito],!<hp70 & 0 burn res>,,attack:2056,force_strike:255,skill_1:4973,skill_2:0,skill_3:0,team_buff:0
8344,Renee,4*,water,dagger,3683,[Twinfold_Bonds+The_Prince_of_Dragonyule][Siren][HDT2],<hit15 & 100 bog res>,,attack:1810,force_strike:190,skill_1:3564,skill_2:1435,skill_3:1343,team_buff:0
6855,_c_Renee,4*,water,dagger,3683,[Twinfold_Bonds+The_Prince_of_Dragonyule][Siren][HDT2],!<hit15 & 100 bog res>,,attack:1491,force_strike:157,skill_1:2938,skill_2:1179,skill_3:1087,team_buff:0
13948,Renelle,3*,flame,dagger,3966,[Twinfold_Bonds+Elegant_Escort][Dreadking_Rathalos][Agito],<hit15 & 0 burn res>,81% burn uptime,attack:2772,force_strike:3423,skill_1:4246,skill_2:2057,skill_3:0,team_buff:129,s1_burn:899,s2_burn:419
8617,_c_Renelle,3*,flame,dagger,3966,[Twinfold_Bonds+Elegant_Escort][Dreadking_Rathalos][Agito],!<hit15 & 0 burn res>,,attack:1874,force_strike:2331,skill_1:2913,skill_2:1367,skill_3:0,team_buff:129
8136,Rex,3*,water,axe,3786,[Kung_Fu_Masters+Crystalian_Envoy][Siren][HDT2],<hp70>,,attack:2208,force_strike:197,skill_1:3223,skill_2:1451,skill_3:1054,team_buff:0
7341,_c_Rex,3*,water,axe,3786,[Kung_Fu_Masters+Crystalian_Envoy][Siren][HDT2],!<hp70>,,attack:1992,force_strike:178,skill_1:2908,skill_2:1309,skill_3:951,team_buff:0
9172,Rodrigo,3*,shadow,sword,3670,[The_Shining_Overlord+Beautiful_Nothingness][Fatalis][HDT2],<hp70>,,attack:2348,force_strike:983,skill_1:3067,skill_2:1380,skill_3:1391,team_buff:0
8338,_c_Rodrigo,3*,shadow,sword,3670,[The_Shining_Overlord+Beautiful_Nothingness][Fatalis][HDT2],!<hp70>,,attack:2135,force_strike:894,skill_1:2788,skill_2:1255,skill_3:1265,team_buff:0
5241,Ryozen,4*,light,lance,3766,[Resounding_Rendition+Beautiful_Nothingness][Cupid][HDT2],<hp70>,,attack:2099,force_strike:421,skill_1:0,skill_2:1492,skill_3:1227,team_buff:0
4683,_c_Ryozen,4*,light,lance,3766,[Resounding_Rendition+Beautiful_Nothingness][Cupid][HDT2],!<hp70>,,attack:1876,force_strike:376,skill_1:0,skill_2:1333,skill_3:1096,team_buff:0
11710,Summer_Celliera,5*,water,sword,3802,[Valiant_Crown+Jewels_of_the_Sun][Dragonyule_Jeanne][HDT2],<hp70 & 100 bog res>,,attack:2206,force_strike:1633,skill_1:3865,skill_2:1091,skill_3:1493,team_buff:1420
11046,_c_Summer_Celliera,5*,water,sword,3802,[Valiant_Crown+Jewels_of_the_Sun][Dragonyule_Jeanne][HDT2],!<hp70 & 100 bog res>,,attack:2064,force_strike:1527,skill_1:3616,skill_2:1021,skill_3:1397,team_buff:1420
9852,Summer_Estelle,4*,water,wand,3664,[Candy_Couriers+Primal_Crisis][Siren][HDT2],<buff all team & hit15>,,attack:2480,force_strike:0,skill_1:4055,skill_2:0,skill_3:1590,team_buff:1725
6868,_c_Summer_Estelle,4*,water,wand,3664,[Candy_Couriers+Primal_Crisis][Siren][HDT2],!<buff all team & hit15>,,attack:2005,force_strike:0,skill_1:3251,skill_2:0,skill_3:1275,team_buff:336
9725,Summer_Julietta,5*,water,axe,3836,[Kung_Fu_Masters+Jewels_of_the_Sun][Siren][HDT2],<buff all team & hp70 & 100 bog res>,,attack:2502,force_strike:0,skill_1:4001,skill_2:0,skill_3:1701,team_buff:1520
7573,_c_Summer_Julietta,5*,water,axe,3836,[Kung_Fu_Masters+Jewels_of_the_Sun][Siren][HDT2],!<buff all team & hp70 & 100 bog res>,,attack:2309,force_strike:0,skill_1:3693,skill_2:0,skill_3:1570,team_buff:0
12939,Student_Maribelle,5*,flame,wand,3989,[Candy_Couriers+Primal_Crisis][Konohana_Sakuya][Agito],<hp100 & hit15>,,attack:2503,force_strike:492,skill_1:6576,skill_2:2953,skill_3:0,team_buff:412
9342,_c_Student_Maribelle,5*,flame,wand,3989,[Candy_Couriers+Primal_Crisis][Konohana_Sakuya][Agito],!<hp100 & hit15>,,attack:2025,force_strike:394,skill_1:4491,skill_2:2017,skill_3:0,team_buff:412
6877,Summer_Ranzal,4*,water,blade,3746,[Resounding_Rendition+FirstRate_Hospitality][Siren][HDT2],<buff all team & last offense & hp70 & 100 bog res>,,attack:1900,force_strike:0,skill_1:3277,skill_2:0,skill_3:1101,team_buff:597
5394,_c_Summer_Ranzal,4*,water,blade,3746,[Resounding_Rendition+FirstRate_Hospitality][Siren][HDT2],!<buff all team & last offense & hp70 & 100 bog res>,,attack:1594,force_strike:0,skill_1:2821,skill_2:0,skill_3:978,team_buff:0
11909,Serena,4*,flame,sword,3796,[Mega_Friends+Primal_Crisis][Dreadking_Rathalos][Agito],<always connect hits & hit15>,,attack:2369,force_strike:3480,skill_1:3998,skill_2:2061,skill_3:0,team_buff:0
9202,_c_Serena,4*,flame,sword,3796,[Mega_Friends+Primal_Crisis][Dreadking_Rathalos][Agito],!<always connect hits & hit15>,,attack:1836,force_strike:2697,skill_1:3085,skill_2:1581,skill_3:0,team_buff:0
6959,Su_Fang,4*,wind,dagger,3557,[Twinfold_Bonds+Levins_Champion][Vayu][HDT2],<hit15 & hp70>,,attack:2048,force_strike:218,skill_1:2771,skill_2:0,skill_3:1920,team_buff:0
5752,_c_Su_Fang,4*,wind,dagger,3557,[Twinfold_Bonds+Levins_Champion][Vayu][HDT2],!<hit15 & hp70>,,attack:1698,force_strike:182,skill_1:2286,skill_2:0,skill_3:1585,team_buff:0
10567,Sylas,5*,wind,lance,3744,[Resounding_Rendition+The_Fires_of_Hate][Vayu][HDT2],<hp70 & hp100 & 0 poison res>,not consider skill haste for team; 90% poison uptime,attack:2367,force_strike:165,skill_1:4382,skill_2:0,skill_3:1966,team_buff:418,s1_poison:1265
6230,_c_Sylas,5*,wind,lance,3744,[Resounding_Rendition+The_Fires_of_Hate][Vayu][HDT2],!<hp70 & hp100 & 0 poison res>,not consider skill haste for team,attack:1549,force_strike:110,skill_1:2889,skill_2:0,skill_3:1262,team_buff:418
7568,Taro,3*,shadow,blade,3895,[Resounding_Rendition+Beautiful_Nothingness][Fatalis][HDT2],<hp70>,,attack:2560,force_strike:0,skill_1:2708,skill_2:1106,skill_3:1193,team_buff:0
6807,_c_Taro,3*,shadow,blade,3895,[Resounding_Rendition+Beautiful_Nothingness][Fatalis][HDT2],!<hp70>,,attack:2302,force_strike:0,skill_1:2436,skill_2:995,skill_3:1073,team_buff:0
11306,Valentines_Ezelith,4*,flame,bow,3774,[Elegant_Escort+Dear_Diary][Dreadking_Rathalos][Agito],<never lose combos & hp30 every 90s & 0 burn res>,79% burn uptime,attack:1567,force_strike:3820,skill_1:2554,skill_2:1264,skill_3:0,team_buff:746,s1_burn:732,s1_energized:620
7452,_c_Valentines_Ezelith,4*,flame,bow,3774,[Elegant_Escort+Dear_Diary][Dreadking_Rathalos][Agito],!<never lose combos & hp30 every 90s & 0 burn res>,,attack:1153,force_strike:2782,skill_1:1864,skill_2:906,skill_3:0,team_buff:746
11455,Valentines_Orion,3*,flame,sword,3845,[Mega_Friends+Elegant_Escort][Dreadking_Rathalos][Agito],<0 burn res>,83% burn uptime,attack:2663,force_strike:3952,skill_1:3911,skill_2:0,skill_3:0,team_buff:0,s1_burn:927
8467,_c_Valentines_Orion,3*,flame,sword,3845,[Mega_Friends+Elegant_Escort][Dreadking_Rathalos][Agito],!<0 burn res>,,attack:2141,force_strike:3178,skill_1:3146,skill_2:0,skill_3:0,team_buff:0
11102,Vanessa,4*,flame,axe,4023,[Kung_Fu_Masters+Mega_Friends][Dreadking_Rathalos][Agito],<last offense>,,attack:3094,force_strike:2080,skill_1:4072,skill_2:1504,skill_3:0,team_buff:350
10863,_c_Vanessa,4*,flame,axe,4023,[Kung_Fu_Masters+Mega_Friends][Dreadking_Rathalos][Agito],!<last offense>,,attack:2988,force_strike:2036,skill_1:3983,skill_2:1504,skill_3:0,team_buff:350
11749,Veronica,5*,shadow,wand,3736,[Candy_Couriers+Primal_Crisis][Shinobi][HDT2],<hit15 & hp=80%>,,attack:2093,force_strike:192,skill_1:5485,skill_2:1954,skill_3:1722,team_buff:301
9485,_c_Veronica,5*,shadow,wand,3736,[Candy_Couriers+Primal_Crisis][Shinobi][HDT2],!<hit15 & hp=80%>,,attack:1693,force_strike:154,skill_1:4388,skill_2:1566,skill_3:1380,team_buff:301
8021,Vice,3*,shadow,dagger,3557,[Twinfold_Bonds+Howling_to_the_Heavens][Fatalis][HDT2],<hit15>,,attack:2727,force_strike:301,skill_1:2793,skill_2:1098,skill_3:1099,team_buff:0
6767,_c_Vice,3*,shadow,dagger,3557,[Twinfold_Bonds+Howling_to_the_Heavens][Fatalis][HDT2],!<hit15>,,attack:2310,force_strike:257,skill_1:2349,skill_2:924,skill_3:925,team_buff:0
7224,Vida,3*,shadow,dagger,3557,[Twinfold_Bonds+Howling_to_the_Heavens][Fatalis][HDT2],<hit15>,,attack:2933,force_strike:348,skill_1:2740,skill_2:0,skill_3:1075,team_buff:0,fs_boost:126
6098,_c_Vida,3*,shadow,dagger,3557,[Twinfold_Bonds+Howling_to_the_Heavens][Fatalis][HDT2],!<hit15>,,attack:2483,force_strike:297,skill_1:2305,skill_2:0,skill_3:904,team_buff:0,fs_boost:106
8997,Wedding_Aoi,5*,wind,dagger,3558,[Twinfold_Bonds+Levins_Champion][Vayu][HDT2],<big hitbox & hit15 & hp70 & 80 sleep res>,,attack:1631,force_strike:165,skill_1:3595,skill_2:0,skill_3:1136,team_buff:195,s1_hit1:562,s1_hit2:570,s1_hit3:570,s1_hit4:570
5708,_c_Wedding_Aoi,5*,wind,dagger,3558,[Twinfold_Bonds+Levins_Champion][Vayu][HDT2],!<big hitbox & hit15 & hp70 & 80 sleep res>,,attack:1339,force_strike:136,skill_1:2836,skill_2:0,skill_3:935,team_buff:0,s1_hit1:461
11493,Wedding_Elisanne,5*,wind,sword,3580,[The_Shining_Overlord+Jewels_of_the_Sun][Vayu][HDT2],<hp70 & s2 defdown for 10s>,2in1,attack:1424,force_strike:799,skill_1:4944,skill_2:1402,skill_3:1276,team_buff:1646
10735,_c_Wedding_Elisanne,5*,wind,sword,3580,[The_Shining_Overlord+Jewels_of_the_Sun][Vayu][HDT2],!<hp70 & s2 defdown for 10s>,2in1,attack:1314,force_strike:737,skill_1:4564,skill_2:1294,skill_3:1178,team_buff:1646
6341,Waike,3*,water,bow,3618,[Forest_Bonds+Dear_Diary][Siren][HDT2],<hp30 every 90s & 100 bog res>,,attack:1180,force_strike:676,skill_1:2845,skill_2:1090,skill_3:548,team_buff:0
5647,_c_Waike,3*,water,bow,3618,[Forest_Bonds+Dear_Diary][Siren][HDT2],!<hp30 every 90s & 100 bog res>,,attack:1048,force_strike:602,skill_1:2524,skill_2:973,skill_3:498,team_buff:0
7936,Xainfried,5*,water,lance,3843,[Resounding_Rendition+Beautiful_Nothingness][Siren][HDT2],<hp70>,use s1 only to cancel c5 or fs,attack:1563,force_strike:185,skill_1:3823,skill_2:0,skill_3:1164,team_buff:1198
7102,_c_Xainfried,5*,water,lance,3843,[Resounding_Rendition+Beautiful_Nothingness][Siren][HDT2],!<hp70>,use s1 only to cancel c5 or fs,attack:1370,force_strike:162,skill_1:3350,skill_2:0,skill_3:1020,team_buff:1198
9404,Xander,5*,water,sword,3843,[The_Shining_Overlord+Jewels_of_the_Sun][Siren][HDT2],<hp70>,c2+fs,attack:1145,force_strike:1274,skill_1:4030,skill_2:1817,skill_3:1135,team_buff:0
8680,_c_Xander,5*,water,sword,3843,[The_Shining_Overlord+Jewels_of_the_Sun][Siren][HDT2],!<hp70>,c2+fs,attack:1057,force_strike:1176,skill_1:3720,skill_2:1677,skill_3:1048,team_buff:0
15382,Xania,3*,flame,wand,4124,[Candy_Couriers+Primal_Crisis][Apollo][Agito],<hit15 & 0 burn res>,79% burn uptime,attack:4168,force_strike:840,skill_1:5820,skill_2:3083,skill_3:0,team_buff:0,s1_burn:987,s2_burn:483
10016,_c_Xania,3*,flame,wand,4124,[Candy_Couriers+Primal_Crisis][Apollo][Agito],!<hit15 & 0 burn res>,,attack:2990,force_strike:604,skill_1:4174,skill_2:2247,skill_3:0,team_buff:0
9976,Xiao_Lei,3*,light,wand,3762,[Candy_Couriers+Primal_Crisis][Daikokuten][HDT2],<hit15>,,attack:3577,force_strike:0,skill_1:4389,skill_2:0,skill_3:1305,team_buff:703
7350,_c_Xiao_Lei,3*,light,wand,3762,[Candy_Couriers+Primal_Crisis][Daikokuten][HDT2],!<hit15>,,attack:2587,force_strike:0,skill_1:3139,skill_2:0,skill_3:920,team_buff:703
9689,Xuan_Zang,4*,flame,lance,3893,[Resounding_Rendition+Jewels_of_the_Sun][Dreadking_Rathalos][Agito],<hp70>,,attack:2780,force_strike:1511,skill_1:3422,skill_2:0,skill_3:0,team_buff:1391,s1_boost:582
8499,_c_Xuan_Zang,4*,flame,lance,3893,[Resounding_Rendition+Jewels_of_the_Sun][Dreadking_Rathalos][Agito],!<hp70>,,attack:2381,force_strike:1295,skill_1:2931,skill_2:0,skill_3:0,team_buff:1391,s1_boost:499
10818,Yachiyo,4*,light,blade,3776,[Mega_Friends+Spirit_of_the_Season][Corsaint_Phoenix][HDT2],<hp100 & 0 paralysis res>,78% paralysis uptime,attack:3582,force_strike:180,skill_1:3552,skill_2:0,skill_3:1587,team_buff:0,s1_paralysis:559,fs_boost:1356
5570,_c_Yachiyo,4*,light,blade,3776,[Mega_Friends+Spirit_of_the_Season][Corsaint_Phoenix][HDT2],!<hp100 & 0 paralysis res>,,attack:2011,force_strike:101,skill_1:1863,skill_2:0,skill_3:835,team_buff:0,fs_boost:760
10022,Yaten,5*,shadow,sword,3721,[Heralds_of_Hinomoto+Jewels_of_the_Sun][Fatalis][HDT2],<energy & hp70>,,attack:2295,force_strike:1048,skill_1:3545,skill_2:0,skill_3:1244,team_buff:0,team_energy:116,s1_boost:964,s1_boost_energized:371,s1_energized:435
6933,_c_Yaten,5*,shadow,sword,3721,[Heralds_of_Hinomoto+Jewels_of_the_Sun][Fatalis][HDT2],!<energy & hp70>,,attack:1872,force_strike:856,skill_1:3057,skill_2:0,skill_3:1147,team_buff:0
8891,Yue,4*,flame,axe,3927,[Kung_Fu_Masters+Flower_in_the_Fray][Arctos][Agito],<>,,attack:4060,force_strike:493,skill_1:4337,skill_2:0,skill_3:0,team_buff:0
7933,Yuya,4*,flame,dagger,3857,[Twinfold_Bonds+Levins_Champion][Konohana_Sakuya][Agito],<hit15 & hp70 & hp60>,,attack:2976,force_strike:813,skill_1:4143,skill_2:0,skill_3:0,team_buff:0
4796,_c_Yuya,4*,flame,dagger,3857,[Twinfold_Bonds+Levins_Champion][Konohana_Sakuya][Agito],!<hit15 & hp70 & hp60>,,attack:1794,force_strike:488,skill_1:2513,skill_2:0,skill_3:0,team_buff:0
7561,Zace,3*,shadow,lance,3620,[Resounding_Rendition+Jewels_of_the_Sun][Fatalis][HDT2],<hp70>,,attack:2076,force_strike:201,skill_1:2755,skill_2:1193,skill_3:1334,team_buff:0
6788,_c_Zace,3*,shadow,lance,3620,[Resounding_Rendition+Jewels_of_the_Sun][Fatalis][HDT2],!<hp70>,,attack:1864,force_strike:180,skill_1:2474,skill_2:1071,skill_3:1198,team_buff:0
9590,Zardin,3*,water,sword,3724,[The_Shining_Overlord+Jewels_of_the_Sun][Siren][HDT2],<hp100 & hp70>,,attack:1692,force_strike:778,skill_1:3925,skill_2:1766,skill_3:1427,team_buff:0
8220,_c_Zardin,3*,water,sword,3724,[The_Shining_Overlord+Jewels_of_the_Sun][Siren][HDT2],!<hp100 & hp70>,,attack:1450,force_strike:667,skill_1:3364,skill_2:1514,skill_3:1223,team_buff:0
11651,Chitose,4*,light,wand,3715,[Jewels_of_the_Sun+A_Game_of_Cat_and_Boar][Daikokuten][HDT2],<buff all team & hit15 & hp70>,,attack:3971,force_strike:0,skill_1:0,skill_2:0,skill_3:1159,team_buff:6520
4146,_c_Chitose,4*,light,wand,3715,[Jewels_of_the_Sun+A_Game_of_Cat_and_Boar][Daikokuten][HDT2],!<buff all team & hit15 & hp70>,,attack:3212,force_strike:0,skill_1:0,skill_2:0,skill_3:934,team_buff:0
8577,Hanabusa,4*,light,blade,3779,[Resounding_Rendition+Jewels_of_the_Sun][Cupid][HDT2],<hp70>,,attack:2783,force_strike:0,skill_1:3121,skill_2:0,skill_3:1152,team_buff:1518
7814,_c_Hanabusa,4*,light,blade,3779,[Resounding_Rendition+Jewels_of_the_Sun][Cupid][HDT2],!<hp70>,,attack:2482,force_strike:0,skill_1:2784,skill_2:0,skill_3:1027,team_buff:1518
16795,Mitsuhide,5*,light,dagger,3685,[Twinfold_Bonds+Spirit_of_the_Season][Daikokuten][HDT2],<hit15 & hp100 & 0 paralysis res>,88% paralysis uptime,attack:3947,force_strike:914,skill_1:4558,skill_2:4000,skill_3:1970,team_buff:0,s1_paralysis:1403
7472,_c_Mitsuhide,5*,light,dagger,3685,[Twinfold_Bonds+Spirit_of_the_Season][Daikokuten][HDT2],!<hit15 & hp100 & 0 paralysis res>,,attack:1972,force_strike:458,skill_1:2168,skill_2:1938,skill_3:934,team_buff:0
12166,Nobunaga,5*,flame,blade,4069,[Resounding_Rendition+Primal_Crisis][Konohana_Sakuya][Agito],<hit15 & hp70>,,attack:3273,force_strike:359,skill_1:2873,skill_2:2278,skill_3:0,team_buff:0,s1_boost:3381
8316,_c_Nobunaga,5*,flame,blade,4069,[Resounding_Rendition+Primal_Crisis][Konohana_Sakuya][Agito],!<hit15 & hp70>,,attack:2269,force_strike:247,skill_1:1952,skill_2:1548,skill_3:0,team_buff:0,s1_boost:2298
11968,Kirsty,5*,wind,lance,3769,[Resounding_Rendition+Beautiful_Nothingness][AC011_Garland][HDT2],<maintain shield & hp70 & maintain Dauntless Strength>,no poison,attack:4061,force_strike:0,skill_1:4950,skill_2:0,skill_3:1492,team_buff:1463
7099,_c_Kirsty,5*,wind,lance,3769,[Resounding_Rendition+Beautiful_Nothingness][AC011_Garland][HDT2],!<maintain shield & hp70 & maintain Dauntless Strength>,no poison,attack:2203,force_strike:0,skill_1:2686,skill_2:0,skill_3:745,team_buff:1463
15799,Joachim,4*,wind,bow,3629,[Dear_Diary+The_Fires_of_Hate][Vayu][HDT2],<hp70 & hp30 every 90s & hp100 & 0 poison res>,92% poison uptime,attack:2827,force_strike:0,skill_1:6334,skill_2:0,skill_3:2384,team_buff:998,s1_poison:3252
5744,_c_Joachim,4*,wind,bow,3629,[Dear_Diary+The_Fires_of_Hate][Vayu][HDT2],!<hp70 & hp30 every 90s & hp100 & 0 poison res>,,attack:1552,force_strike:0,skill_1:1942,skill_2:0,skill_3:1251,team_buff:998
15627,Ieyasu,5*,shadow,blade,4124,[Resounding_Rendition+Jewels_of_the_Sun][Shinobi][HDT2],<hp70>,,attack:2232,force_strike:0,skill_1:5504,skill_2:0,skill_3:1283,team_buff:0,s1_bleed:6606
12093,_c_Ieyasu,5*,shadow,blade,4124,[Resounding_Rendition+Jewels_of_the_Sun][Shinobi][HDT2],!<hp70>,,attack:1722,force_strike:0,skill_1:4262,skill_2:0,skill_3:992,team_buff:0,s1_bleed:5116
9711,Sinoa,4*,flame,wand,3928,[Candy_Couriers+Primal_Crisis][Dreadking_Rathalos][Agito],<hp100 & hit15>,,attack:3939,force_strike:1008,skill_1:0,skill_2:2540,skill_3:0,team_buff:2223
8029,_c_Sinoa,4*,flame,wand,3928,[Candy_Couriers+Primal_Crisis][Dreadking_Rathalos][Agito],!<hp100 & hit15>,,attack:3062,force_strike:779,skill_1:0,skill_2:1964,skill_3:0,team_buff:2223
15041,Patia,4*,shadow,lance,3702,[Valiant_Crown+Jewels_of_the_Sun][Fatalis][HDT2],<hp70>,,attack:3678,force_strike:360,skill_1:0,skill_2:2155,skill_3:1631,team_buff:3675,s2_bleed:3541
14443,_c_Patia,4*,shadow,lance,3702,[Valiant_Crown+Jewels_of_the_Sun][Fatalis][HDT2],!<hp70>,,attack:3484,force_strike:341,skill_1:0,skill_2:2042,skill_3:1545,team_buff:3675,s2_bleed:3354
13194,Heinwald,5*,shadow,staff,3582,[Resounding_Rendition+Beautiful_Nothingness][Fatalis][HDT2],<buff all teammates & hp70>,,attack:3151,force_strike:0,skill_1:6274,skill_2:0,skill_3:1586,team_buff:2181
8241,_c_Heinwald,5*,shadow,staff,3582,[Resounding_Rendition+Beautiful_Nothingness][Fatalis][HDT2],!<buff all teammates & hp70>,,attack:2834,force_strike:0,skill_1:4315,skill_2:0,skill_3:1091,team_buff:0
13159,Gala_Luca,5*,light,blade,3803,[The_Wyrmclan_Duo+Primal_Crisis][Daikokuten][HDT2],<hit15 & hp70>,,attack:4074,force_strike:0,skill_1:7137,skill_2:0,skill_3:1947,team_buff:0
7771,_c_Gala_Luca,5*,light,blade,3803,[The_Wyrmclan_Duo+Primal_Crisis][Daikokuten][HDT2],!<hit15 & hp70>,,attack:2454,force_strike:0,skill_1:4212,skill_2:0,skill_3:1104,team_buff:0
5602,Aurien,3*,flame,staff,3846,[Resounding_Rendition+Beautiful_Nothingness][Apollo][Agito],<hp70 & 0 burn res>,no s1; 45% burn uptime,attack:4179,force_strike:0,skill_1:0,skill_2:1024,skill_3:0,team_buff:0,s2_burn:397
4136,_c_Aurien,3*,flame,staff,3846,[Resounding_Rendition+Beautiful_Nothingness][Apollo][Agito],!<hp70 & 0 burn res>,no s1,attack:3438,force_strike:0,skill_1:0,skill_2:697,skill_3:0,team_buff:0
14419,Hunter_Berserker,5*,flame,sword,3925,[Levins_Champion+The_Lurker_in_the_Woods][Dreadking_Rathalos][Agito],<hp70>,,attack:0,force_strike:10850,skill_1:2781,skill_2:0,skill_3:0,team_buff:786
13499,_c_Hunter_Berserker,5*,flame,sword,3925,[Levins_Champion+The_Lurker_in_the_Woods][Dreadking_Rathalos][Agito],!<hp70>,,attack:0,force_strike:10118,skill_1:2594,skill_2:0,skill_3:0,team_buff:786
13653,Hunter_Vanessa,5*,light,lance,3893,[Resounding_Rendition+Spirit_of_the_Season][Corsaint_Phoenix][HDT2],<hp70 & hp100 & 0 paralysis res>,88% paralysis uptime,attack:3601,force_strike:1678,skill_1:4751,skill_2:0,skill_3:1537,team_buff:794,s1_paralysis:1289
8265,_c_Hunter_Vanessa,5*,light,lance,3893,[Resounding_Rendition+Spirit_of_the_Season][Corsaint_Phoenix][HDT2],!<hp70 & hp100 & 0 paralysis res>,,attack:2318,force_strike:1085,skill_1:3083,skill_2:0,skill_3:982,team_buff:794
15778,Hunter_Sarisse,5*,water,bow,3700,[The_Lurker_in_the_Woods+Dear_Diary][Dragonyule_Jeanne][HDT2],<lance+ distance from HBH sized enemy & hp30 every 90s>,fs hit count vary on distance and enemy size; extra hits do 70% less damage than previous hits,attack:0,force_strike:10002,skill_1:2776,skill_2:0,skill_3:0,team_buff:0,fs_extra_1:3000
11351,_c_Hunter_Sarisse,5*,water,bow,3700,[The_Lurker_in_the_Woods+Dear_Diary][Dragonyule_Jeanne][HDT2],!<lance+ distance from HBH sized enemy & hp30 every 90s>,fs hit count vary on distance and enemy size; extra hits do 70% less damage than previous hits,attack:0,force_strike:8879,skill_1:2472,skill_2:0,skill_3:0,team_buff:0
14550,Valentines_Melody,5*,wind,axe,3750,[Kung_Fu_Masters+The_Fires_of_Hate][Vayu][HDT2],<hp100 & s1 defdown for 10s & 0 poison res>,c4fsf c5 c4 s1; 68% poison uptime,attack:3925,force_strike:0,skill_1:3052,skill_2:1960,skill_3:2334,team_buff:2686,s2_poison:590
6170,_c_Valentines_Melody,5*,wind,axe,3750,[Kung_Fu_Masters+The_Fires_of_Hate][Vayu][HDT2],!<hp100 & s1 defdown for 10s & 0 poison res>,c4fsf c5 c4 s1,attack:2454,force_strike:0,skill_1:2197,skill_2:1517,skill_3:0,team_buff:0
18989,Valentines_Addis,5*,shadow,bow,3635,[The_Plaguebringer+Primal_Crisis][Shinobi][HDT2],<hit15 & 0 poison res & hp=20%>,use s2 once; 91% poison uptime,attack:3215,force_strike:0,skill_1:10411,skill_2:0,skill_3:2739,team_buff:0,s1_poison:2622
6491,_c_Valentines_Addis,5*,shadow,bow,3635,[The_Plaguebringer+Primal_Crisis][Shinobi][HDT2],!<hit15 & 0 poison res & hp=20%>,use s2 once,attack:1763,force_strike:0,skill_1:3260,skill_2:0,skill_3:1467,team_buff:0
11953,Victor,5*,wind,blade,3845,[Resounding_Rendition+Jewels_of_the_Sun][Vayu][HDT2],<hp70>,,attack:2038,force_strike:0,skill_1:3536,skill_2:1295,skill_3:971,team_buff:0,s1_bleed:4111
9510,_c_Victor,5*,wind,blade,3845,[Resounding_Rendition+Jewels_of_the_Sun][Vayu][HDT2],!<hp70>,,attack:1620,force_strike:0,skill_1:2812,skill_2:1030,skill_3:772,team_buff:0,s1_bleed:3273
11499,Summer_Cleo,5*,light,bow,3548,[Forest_Bonds+Dear_Diary][Corsaint_Phoenix][HDT2],<buff all team & hp30 every 90s & 0 paralysis res>,nofs; 87% paralysis uptime,attack:2744,force_strike:0,skill_1:3899,skill_2:0,skill_3:1779,team_buff:834,s1_paralysis:1089,s1_boost:1151
5306,_c_Summer_Cleo,5*,light,bow,3548,[Forest_Bonds+Dear_Diary][Corsaint_Phoenix][HDT2],!<buff all team & hp30 every 90s & 0 paralysis res>,nofs,attack:1776,force_strike:0,skill_1:2117,skill_2:0,skill_3:1088,team_buff:0,s1_boost:324
7673,Summer_Luca,4*,light,axe,3925,[Kung_Fu_Masters+Flower_in_the_Fray][Cupid][HDT2],<energy & hp70>,,attack:3088,force_strike:269,skill_1:3226,skill_2:0,skill_3:959,team_buff:0,s1_energized:56,s3_energized:73
7100,_c_Summer_Luca,4*,light,axe,3925,[Kung_Fu_Masters+Flower_in_the_Fray][Cupid][HDT2],!<energy & hp70>,,attack:2906,force_strike:254,skill_1:3036,skill_2:0,skill_3:902,team_buff:0
11738,Addis,4*,wind,blade,3857,[Resounding_Rendition+Beautiful_Nothingness][Vayu][HDT2],<hp70 & 0 poison res>,s2 c2 s1 c5fsf c4fs s1; hold s2s1 until bleed under 3; 18% poison uptime,attack:2419,force_strike:80,skill_1:4048,skill_2:0,skill_3:1021,team_buff:0,s1_poison:120,s1_bleed:4047
10244,_c_Addis,4*,wind,blade,3857,[Resounding_Rendition+Beautiful_Nothingness][Vayu][HDT2],!<hp70 & 0 poison res>,s2 c2 s1 c5fsf c4fs s1; hold s2s1 until bleed under 3,attack:2118,force_strike:70,skill_1:3544,skill_2:0,skill_3:895,team_buff:0,s1_bleed:3615
16247,Ezelith,5*,flame,dagger,4018,[Twinfold_Bonds+Levins_Champion][Arctos][Agito],<hit15 & hp70>,,attack:6439,force_strike:820,skill_1:8614,skill_2:0,skill_3:0,team_buff:372
14326,_c_Ezelith,5*,flame,dagger,4018,[Twinfold_Bonds+Levins_Champion][Arctos][Agito],!<hit15 & hp70>,,attack:5698,force_strike:739,skill_1:7517,skill_2:0,skill_3:0,team_buff:369
10688,Sazanka,4*,shadow,axe,3834,[Kung_Fu_Masters+Crystalian_Envoy][Shinobi][HDT2],<hp70 & 80 sleep res>,,attack:2267,force_strike:277,skill_1:3589,skill_2:0,skill_3:1221,team_buff:0,s1_bleed:3293,fs_boost:39
9554,_c_Sazanka,4*,shadow,axe,3834,[Kung_Fu_Masters+Crystalian_Envoy][Shinobi][HDT2],!<hp70 & 80 sleep res>,,attack:2035,force_strike:250,skill_1:3210,skill_2:0,skill_3:1076,team_buff:0,s1_bleed:2946,fs_boost:36
12544,Natalie,5*,shadow,blade,3961,[Heralds_of_Hinomoto+Dear_Diary][Shinobi][HDT2],<energy & hp30 every 180s & hp=20%>,s2 without str buff,attack:2540,force_strike:81,skill_1:7859,skill_2:0,skill_3:1575,team_buff:0,s1_energized:483,s3_energized:3
8343,_c_Natalie,5*,shadow,blade,3961,[Heralds_of_Hinomoto+Dear_Diary][Shinobi][HDT2],!<energy & hp30 every 180s & hp=20%>,s2 without str buff,attack:2321,force_strike:74,skill_1:4509,skill_2:0,skill_3:1437,team_buff:0
