5439,Aeleen,4*,wind,lance,3707,[Resounding_Rendition+Beautiful_Nothingness][Vayu][HDT2],<hp70>,,attack:1496,force_strike:229,skill_1:2826,skill_2:0,skill_3:886,team_buff:0
4766,_c_Aeleen,4*,wind,lance,3707,[Resounding_Rendition+Beautiful_Nothingness][Vayu][HDT2],!<hp70>,,attack:1311,force_strike:201,skill_1:2476,skill_2:0,skill_3:776,team_buff:0
9522,Alain,3*,flame,lance,3985,[Resounding_Rendition+Elegant_Escort][Konohana_Sakuya][Agito],<hp70 & 0 burn res>,88% burn uptime,attack:2412,force_strike:276,skill_1:3911,skill_2:1741,skill_3:0,team_buff:0,s1_burn:1180
6330,_c_Alain,3*,flame,lance,3985,[Resounding_Rendition+Elegant_Escort][Konohana_Sakuya][Agito],!<hp70 & 0 burn res>,,attack:1824,force_strike:211,skill_1:2984,skill_2:1310,skill_3:0,team_buff:0
11589,Albert,5*,light,sword,3772,[The_Shining_Overlord+Sisters_Day_Out][Corsaint_Phoenix][HDT2],<big hitbox & 0 paralysis res>,67% paralysis uptime,attack:1411,force_strike:1274,skill_1:2742,skill_2:0,skill_3:894,team_buff:0,fs_alt:637,s1_s2boost:2163,s1_hit2:155,s1_hit3:155,s1_hit4:155,s1_hit5:155,s1_hit6:155,fs_paralysis:1688
8272,_c_Albert,5*,light,sword,3772,[The_Shining_Overlord+Sisters_Day_Out][Corsaint_Phoenix][HDT2],!<big hitbox & 0 paralysis res>,,attack:1218,force_strike:1154,skill_1:2386,skill_2:0,skill_3:786,team_buff:0,fs_alt:538,s1_s2boost:1799,s1_hit2:129,s1_hit3:129,s1_hit4:129
9262,Alex,4*,shadow,dagger,3580,[Twinfold_Bonds+The_Plaguebringer][Fatalis][HDT2],<hp100 & hit15 & 0 poison res>,not consider bk boost of her s2; 88% poison uptime,attack:2404,force_strike:318,skill_1:3070,skill_2:1262,skill_3:1198,team_buff:345,s1_poison:661
5818,_c_Alex,4*,shadow,dagger,3580,[Twinfold_Bonds+The_Plaguebringer][Fatalis][HDT2],!<hp100 & hit15 & 0 poison res>,not consider bk boost of her s2,attack:1856,force_strike:248,skill_1:1906,skill_2:748,skill_3:713,team_buff:345
7769,Alfonse,5*,light,sword,3726,[The_Shining_Overlord+Beautiful_Nothingness][Cupid][HDT2],<last offense & hp70>,,attack:2285,force_strike:1045,skill_1:2112,skill_2:1336,skill_3:990,team_buff:0
6813,_c_Alfonse,5*,light,sword,3726,[The_Shining_Overlord+Beautiful_Nothingness][Cupid][HDT2],!<last offense & hp70>,,attack:1977,force_strike:904,skill_1:1825,skill_2:1173,skill_3:932,team_buff:0
9318,Althemia,3*,shadow,wand,3646,[Candy_Couriers+Primal_Crisis][Fatalis][HDT2],<hp100 & hit15>,,attack:2847,force_strike:0,skill_1:3570,skill_2:1605,skill_3:1295,team_buff:0
6918,_c_Althemia,3*,shadow,wand,3646,[Candy_Couriers+Primal_Crisis][Fatalis][HDT2],!<hp100 & hit15>,,attack:2432,force_strike:0,skill_1:2475,skill_2:1113,skill_3:897,team_buff:0
7872,Amane,4*,light,wand,3817,[Candy_Couriers+Primal_Crisis][Daikokuten][HDT2],<hit15>,,attack:3094,force_strike:0,skill_1:3498,skill_2:0,skill_3:1279,team_buff:0
5872,_c_Amane,4*,light,wand,3817,[Candy_Couriers+Primal_Crisis][Daikokuten][HDT2],!<hit15>,,attack:2292,force_strike:0,skill_1:2652,skill_2:0,skill_3:927,team_buff:0
5955,Annelie,5*,light,lance,3831,[Resounding_Rendition+Beautiful_Nothingness][Cupid][HDT2],<energy & hp70>,1121,attack:2217,force_strike:0,skill_1:2261,skill_2:410,skill_3:900,team_buff:0,team_energy:16,s1_p1_energized:148
4306,_c_Annelie,5*,light,lance,3831,[Resounding_Rendition+Beautiful_Nothingness][Cupid][HDT2],!<energy & hp70>,1121,attack:1906,force_strike:0,skill_1:1534,skill_2:288,skill_3:576,team_buff:0
11243,Aoi,3*,flame,blade,4195,[Resounding_Rendition+Elegant_Escort][Konohana_Sakuya][Agito],<hp70 & 0 burn res>,83% burn uptime,attack:3447,force_strike:0,skill_1:4437,skill_2:2038,skill_3:0,team_buff:0,s1_burn:854,s2_burn:465
7580,_c_Aoi,3*,flame,blade,4195,[Resounding_Rendition+Elegant_Escort][Konohana_Sakuya][Agito],!<hp70 & 0 burn res>,,attack:2635,force_strike:0,skill_1:3410,skill_2:1534,skill_3:0,team_buff:0
6589,Audric,4*,shadow,sword,3682,[The_Shining_Overlord+Beautiful_Nothingness][Shinobi][HDT2],<hp70>,,attack:1286,force_strike:591,skill_1:2650,skill_2:1279,skill_3:780,team_buff:0
6082,_c_Audric,4*,shadow,sword,3682,[The_Shining_Overlord+Beautiful_Nothingness][Shinobi][HDT2],!<hp70>,,attack:1187,force_strike:546,skill_1:2446,skill_2:1181,skill_3:720,team_buff:0
7084,Beautician_Zardin,5*,light,blade,3803,[Resounding_Rendition+Jewels_of_the_Sun][Cupid][HDT2],<energy & hp70>,no s2,attack:2569,force_strike:0,skill_1:2988,skill_2:0,skill_3:1127,team_buff:227,s3_energized:170
5412,_c_Beautician_Zardin,5*,light,blade,3803,[Resounding_Rendition+Jewels_of_the_Sun][Cupid][HDT2],!<energy & hp70>,no s2,attack:2291,force_strike:0,skill_1:2100,skill_2:0,skill_3:792,team_buff:227
6574,Berserker,4*,shadow,sword,3611,[The_Shining_Overlord+Beautiful_Nothingness][Fatalis][HDT2],<last offense & hp70>,,attack:1740,force_strike:1274,skill_1:2417,skill_2:0,skill_3:1142,team_buff:0
5740,_c_Berserker,4*,shadow,sword,3611,[The_Shining_Overlord+Beautiful_Nothingness][Fatalis][HDT2],!<last offense & hp70>,,attack:1517,force_strike:1109,skill_1:2130,skill_2:0,skill_3:983,team_buff:0
13350,Botan,4*,shadow,lance,3683,[Resounding_Rendition+Beautiful_Nothingness][Shinobi][HDT2],<buff all team & hp70>,,attack:1841,force_strike:139,skill_1:2660,skill_2:0,skill_3:1635,team_buff:2757,s1_bleed:4316
11105,_c_Botan,4*,shadow,lance,3683,[Resounding_Rendition+Beautiful_Nothingness][Shinobi][HDT2],!<buff all team & hp70>,,attack:1618,force_strike:122,skill_1:2338,skill_2:0,skill_3:1437,team_buff:1794,s1_bleed:3794
12983,Cassandra,5*,shadow,wand,3881,[Candy_Couriers+The_Plaguebringer][Fatalis][HDT2],<hp30 every 90s & reflect 500 damage on every s2 & 0 poison res & hp=80%>,no counter damage; s2 drops combo; 100% poison uptime,attack:3106,force_strike:0,skill_1:4422,skill_2:2137,skill_3:2059,team_buff:0,s1_poison:984,s2_reflect:273
8206,_c_Cassandra,5*,shadow,wand,3881,[Candy_Couriers+The_Plaguebringer][Fatalis][HDT2],!<hp30 every 90s & reflect 500 damage on every s2 & 0 poison res & hp=80%>,no counter damage; s2 drops combo,attack:2160,force_strike:0,skill_1:3182,skill_2:1429,skill_3:1432,team_buff:0
6671,Celliera,4*,water,blade,3819,[Resounding_Rendition+Jewels_of_the_Sun][Siren][HDT2],<hp70>,,attack:2179,force_strike:0,skill_1:2997,skill_2:0,skill_3:1494,team_buff:0
5497,_c_Celliera,4*,water,blade,3819,[Resounding_Rendition+Jewels_of_the_Sun][Siren][HDT2],!<hp70>,,attack:1796,force_strike:0,skill_1:2469,skill_2:0,skill_3:1231,team_buff:0
8137,Chelsea,5*,flame,bow,3844,[Forest_Bonds+Dear_Diary][Dreadking_Rathalos][Agito],<hp30 every 90s>,,attack:2016,force_strike:2193,skill_1:3926,skill_2:0,skill_3:0,team_buff:0
7614,_c_Chelsea,5*,flame,bow,3844,[Forest_Bonds+Dear_Diary][Dreadking_Rathalos][Agito],!<hp30 every 90s>,,attack:1886,force_strike:2048,skill_1:3679,skill_2:0,skill_3:0,team_buff:0
4518,Cibella,3*,water,lance,3764,[Resounding_Rendition+Beautiful_Nothingness][Dragonyule_Jeanne][HDT2],<hp70>,,attack:2207,force_strike:270,skill_1:0,skill_2:1070,skill_3:969,team_buff:0
4036,_c_Cibella,3*,water,lance,3764,[Resounding_Rendition+Beautiful_Nothingness][Dragonyule_Jeanne][HDT2],!<hp70>,,attack:1972,force_strike:241,skill_1:0,skill_2:956,skill_3:866,team_buff:0
11549,Curran,5*,shadow,axe,4075,[Kung_Fu_Masters+Flower_in_the_Fray][Fatalis][HDT2],<last offense>,no fs,attack:4439,force_strike:0,skill_1:4458,skill_2:1358,skill_3:679,team_buff:614
10416,_c_Curran,5*,shadow,axe,4075,[Kung_Fu_Masters+Flower_in_the_Fray][Fatalis][HDT2],!<last offense>,no fs,attack:3784,force_strike:0,skill_1:3980,skill_2:1358,skill_3:679,team_buff:614
7619,Dragonyule_Cleo,5*,water,dagger,3709,[Twinfold_Bonds+The_Prince_of_Dragonyule][Siren][HDT2],<energy & always connect hits & hp70 & hit15>,,attack:1755,force_strike:308,skill_1:1872,skill_2:1487,skill_3:1227,team_buff:692,team_energy:33,s3_energized:139,s2_energized:102
5639,_c_Dragonyule_Cleo,5*,water,dagger,3709,[Twinfold_Bonds+The_Prince_of_Dragonyule][Siren][HDT2],!<energy & always connect hits & hp70 & hit15>,,attack:1322,force_strike:233,skill_1:1383,skill_2:1101,skill_3:906,team_buff:692
10078,Dragonyule_Malora,5*,light,axe,3954,[Kung_Fu_Masters+Flower_in_the_Fray][Cupid][HDT2],<buff all team>,c4fsf c5 c4 s1,attack:3456,force_strike:0,skill_1:1866,skill_2:1345,skill_3:0,team_buff:2335,s2_boost:1076
4994,_c_Dragonyule_Malora,5*,light,axe,3954,[Kung_Fu_Masters+Flower_in_the_Fray][Cupid][HDT2],!<buff all team>,c4fsf c5 c4 s1,attack:3339,force_strike:0,skill_1:1654,skill_2:0,skill_3:0,team_buff:0
5184,Dragonyule_Nefaria,4*,water,bow,3651,[Forest_Bonds+Dear_Diary][Dragonyule_Jeanne][HDT2],<hp30 every 90s>,,attack:1368,force_strike:821,skill_1:2146,skill_2:0,skill_3:848,team_buff:0
4713,_c_Dragonyule_Nefaria,4*,water,bow,3651,[Forest_Bonds+Dear_Diary][Dragonyule_Jeanne][HDT2],!<hp30 every 90s>,,attack:1243,force_strike:746,skill_1:1951,skill_2:0,skill_3:771,team_buff:0
8858,Dragonyule_Xainfried,4*,wind,wand,3801,[A_Dogs_Day+Primal_Crisis][Long_Long][HDT2],<buff all team & hit15>,,attack:3251,force_strike:421,skill_1:0,skill_2:871,skill_3:1032,team_buff:3281
4538,_c_Dragonyule_Xainfried,4*,wind,wand,3801,[A_Dogs_Day+Primal_Crisis][Long_Long][HDT2],!<buff all team & hit15>,,attack:2653,force_strike:338,skill_1:0,skill_2:707,skill_3:838,team_buff:0
7236,Dragonyule_Xander,4*,water,wand,3721,[Candy_Couriers+Primal_Crisis][Siren][HDT2],<energy & hit15>,,attack:2012,force_strike:0,skill_1:3484,skill_2:0,skill_3:1254,team_buff:467,team_energy:16
5911,_c_Dragonyule_Xander,4*,water,wand,3721,[Candy_Couriers+Primal_Crisis][Siren][HDT2],!<energy & hit15>,,attack:1643,force_strike:0,skill_1:2793,skill_2:0,skill_3:1005,team_buff:467
13266,Delphi,5*,shadow,dagger,3742,[Mega_Friends+The_Fires_of_Hate][Fatalis][HDT2],<hp100 & s1 defdown for 10s & reflect 500 damage on every s2 & 0 poison res>,73% poison uptime,attack:1732,force_strike:1459,skill_1:517,skill_2:460,skill_3:798,team_buff:2518,s2_reflect:366,fs_boost:120,fs_poison:3354,s2_poison:1937
6465,_c_Delphi,5*,shadow,dagger,3742,[Mega_Friends+The_Fires_of_Hate][Fatalis][HDT2],!<hp100 & s1 defdown for 10s & reflect 500 damage on every s2 & 0 poison res>,,attack:1357,force_strike:1157,skill_1:402,skill_2:342,skill_3:593,team_buff:2518,fs_boost:93
10911,Durant,4*,shadow,blade,3910,[Seaside_Princess+From_Whence_He_Comes][Fatalis][HDT2],<hp100>,,attack:8506,force_strike:0,skill_1:0,skill_2:0,skill_3:2404,team_buff:0
8319,_c_Durant,4*,shadow,blade,3910,[Seaside_Princess+From_Whence_He_Comes][Fatalis][HDT2],!<hp100>,,attack:6495,force_strike:0,skill_1:0,skill_2:0,skill_3:1823,team_buff:0
6953,Eleonora,4*,wind,bow,3629,[Dear_Diary+The_Fires_of_Hate][Vayu][HDT2],<hp30 every 90s & hp100 & 0 poison res>,88% poison uptime,attack:1364,force_strike:802,skill_1:2115,skill_2:1249,skill_3:538,team_buff:0,s1_poison:636,s2_poison:247
4172,_c_Eleonora,4*,wind,bow,3629,[Dear_Diary+The_Fires_of_Hate][Vayu][HDT2],!<hp30 every 90s & hp100 & 0 poison res>,,attack:946,force_strike:548,skill_1:1473,skill_2:841,skill_3:362,team_buff:0
5941,Elias,4*,light,bow,3469,[Forest_Bonds+Dear_Diary][Daikokuten][HDT2],<energy & last offense & hit15 & hp30 every 90s>,,attack:1686,force_strike:1016,skill_1:2490,skill_2:0,skill_3:748,team_buff:0
4367,_c_Elias,4*,light,bow,3469,[Forest_Bonds+Dear_Diary][Daikokuten][HDT2],!<energy & last offense & hit15 & hp30 every 90s>,,attack:1214,force_strike:729,skill_1:1838,skill_2:0,skill_3:585,team_buff:0
10378,Elisanne,4*,water,lance,3777,[Beach_Battle+From_Whence_He_Comes][Halloween_Maritimus][HDT2],<>,no s2 or s3,attack:2176,force_strike:0,skill_1:0,skill_2:0,skill_3:0,team_buff:8201
12531,Emma,4*,flame,lance,3894,[Castle_Cheer_Corps+From_Whence_He_Comes][Dreadking_Rathalos][Agito],<buff all team>,,attack:3231,force_strike:785,skill_1:0,skill_2:0,skill_3:0,team_buff:8514
4016,_c_Emma,4*,flame,lance,3894,[Castle_Cheer_Corps+From_Whence_He_Comes][Dreadking_Rathalos][Agito],!<buff all team>,,attack:3231,force_strike:785,skill_1:0,skill_2:0,skill_3:0,team_buff:0
7001,Erik,3*,shadow,axe,3875,[Kung_Fu_Masters+Crystalian_Envoy][Fatalis][HDT2],<hp70>,,attack:3045,force_strike:517,skill_1:2146,skill_2:773,skill_3:519,team_buff:0
6530,_c_Erik,3*,shadow,axe,3875,[Kung_Fu_Masters+Crystalian_Envoy][Fatalis][HDT2],!<hp70>,,attack:2840,force_strike:482,skill_1:2001,skill_2:721,skill_3:484,team_buff:0
12939,Euden,4*,flame,sword,4038,[The_Shining_Overlord+Elegant_Escort][Dreadking_Rathalos][Agito],<0 burn res>,93% burn uptime,attack:2715,force_strike:2231,skill_1:4667,skill_2:1696,skill_3:0,team_buff:505,s1_burn:1122
9473,_c_Euden,4*,flame,sword,4038,[The_Shining_Overlord+Elegant_Escort][Dreadking_Rathalos][Agito],!<0 burn res>,,attack:2143,force_strike:1767,skill_1:3747,skill_2:1309,skill_3:0,team_buff:505
7991,Fjorm,5*,water,lance,3883,[Resounding_Rendition+Beautiful_Nothingness][Siren][HDT2],<hp70 & reflect 500 damage on every s2>,,attack:1267,force_strike:34,skill_1:2344,skill_2:1815,skill_3:969,team_buff:1195,s2_reflect:365
6831,_c_Fjorm,5*,water,lance,3883,[Resounding_Rendition+Beautiful_Nothingness][Siren][HDT2],!<hp70 & reflect 500 damage on every s2>,,attack:1110,force_strike:30,skill_1:2054,skill_2:1590,skill_3:849,team_buff:1195
12969,Fleur,4*,light,dagger,3657,[Twinfold_Bonds+Spirit_of_the_Season][Daikokuten][HDT2],<hp70 & hit15 & hp100 & 0 paralysis res>,c4fs; 87% paralysis uptime,attack:3093,force_strike:841,skill_1:5567,skill_2:0,skill_3:1590,team_buff:0,s1_paralysis:1875
4999,_c_Fleur,4*,light,dagger,3657,[Twinfold_Bonds+Spirit_of_the_Season][Daikokuten][HDT2],!<hp70 & hit15 & hp100 & 0 paralysis res>,c4fs,attack:1831,force_strike:503,skill_1:1785,skill_2:0,skill_3:879,team_buff:0
5966,Francesca,3*,wind,dagger,3519,[Twinfold_Bonds+Levins_Champion][Vayu][HDT2],<hit15 & hp70>,,attack:1419,force_strike:426,skill_1:2194,skill_2:929,skill_3:889,team_buff:107
4960,_c_Francesca,3*,wind,dagger,3519,[Twinfold_Bonds+Levins_Champion][Vayu][HDT2],!<hit15 & hp70>,,attack:1185,force_strike:355,skill_1:1810,skill_2:767,skill_3:734,team_buff:107
6699,Fritz,4*,light,dagger,3618,[Twinfold_Bonds+Levins_Champion][Daikokuten][HDT2],<hit15 & hp70>,,attack:2662,force_strike:288,skill_1:2301,skill_2:0,skill_3:812,team_buff:352,fs_boost:282
5077,_c_Fritz,4*,light,dagger,3618,[Twinfold_Bonds+Levins_Champion][Daikokuten][HDT2],!<hit15 & hp70>,,attack:1998,force_strike:220,skill_1:1698,skill_2:0,skill_3:599,team_buff:352,fs_boost:208
17396,Gala_Cleo,5*,shadow,wand,3705,[Candy_Couriers+Jewels_of_the_Sun][Shinobi][HDT2],<hp70 & always in a1>,(the true cleo is here),attack:2035,force_strike:0,skill_1:7495,skill_2:898,skill_3:1358,team_buff:5608
10403,_c_Gala_Cleo,5*,shadow,wand,3705,[Candy_Couriers+Jewels_of_the_Sun][Shinobi][HDT2],!<hp70 & always in a1>,(the true cleo is here),attack:1556,force_strike:0,skill_1:5353,skill_2:710,skill_3:1114,team_buff:1667
11165,Gala_Elisanne,5*,water,axe,3798,[Beach_Battle+From_Whence_He_Comes][Halloween_Maritimus][HDT2],<buff all team & energy>,,attack:2533,force_strike:328,skill_1:0,skill_2:0,skill_3:0,team_buff:8303
2862,_c_Gala_Elisanne,5*,water,axe,3798,[Beach_Battle+From_Whence_He_Comes][Halloween_Maritimus][HDT2],!<buff all team & energy>,,attack:2533,force_strike:328,skill_1:0,skill_2:0,skill_3:0,team_buff:0
9899,Gala_Euden,5*,light,sword,3763,[The_Shining_Overlord+Sisters_Day_Out][Cupid][HDT2],<s1 buff for 10s & draconic charge & 0 paralysis res>,c2+fs; 22% paralysis uptime,attack:1582,force_strike:1629,skill_1:947,skill_2:882,skill_3:1237,team_buff:3481,s2_paralysis:137
6071,_c_Gala_Euden,5*,light,sword,3763,[The_Shining_Overlord+Sisters_Day_Out][Cupid][HDT2],!<s1 buff for 10s & draconic charge & 0 paralysis res>,c2+fs,attack:1362,force_strike:1411,skill_1:889,skill_2:735,skill_3:1081,team_buff:590
7733,Gala_Mym,5*,flame,lance,3957,[Resounding_Rendition+Beautiful_Nothingness][Konohana_Sakuya][Agito],<hp70>,,attack:1962,force_strike:290,skill_1:3929,skill_2:1551,skill_3:0,team_buff:0
6777,_c_Gala_Mym,5*,flame,lance,3957,[Resounding_Rendition+Beautiful_Nothingness][Konohana_Sakuya][Agito],!<hp70>,,attack:1719,force_strike:254,skill_1:3443,skill_2:1359,skill_3:0,team_buff:0
8410,Gala_Ranzal,5*,wind,sword,3618,[Jewels_of_the_Sun+The_Shining_Overlord][Vayu][HDT2],<hp70>,no s2,attack:1332,force_strike:728,skill_1:3836,skill_2:0,skill_3:1149,team_buff:0,s1_boost:1364
7763,_c_Gala_Ranzal,5*,wind,sword,3618,[Jewels_of_the_Sun+The_Shining_Overlord][Vayu][HDT2],!<hp70>,no s2,attack:1230,force_strike:672,skill_1:3541,skill_2:0,skill_3:1060,team_buff:0,s1_boost:1259
10466,Gala_Sarisse,5*,flame,bow,3816,[Forest_Bonds+Dear_Diary][Konohana_Sakuya][Agito],<hp30 every 90s & never lose combos>,,attack:1695,force_strike:513,skill_1:7567,skill_2:0,skill_3:0,team_buff:690
6966,_c_Gala_Sarisse,5*,flame,bow,3816,[Forest_Bonds+Dear_Diary][Konohana_Sakuya][Agito],!<hp30 every 90s & never lose combos>,,attack:1447,force_strike:445,skill_1:4391,skill_2:0,skill_3:0,team_buff:681
6129,Halloween_Edward,3*,light,blade,3760,[Resounding_Rendition+Seaside_Princess][Cupid][HDT2],<hp100 & hp70>,,attack:2642,force_strike:0,skill_1:2347,skill_2:665,skill_3:474,team_buff:0
4922,_c_Halloween_Edward,3*,light,blade,3760,[Resounding_Rendition+Seaside_Princess][Cupid][HDT2],!<hp100 & hp70>,,attack:2121,force_strike:0,skill_1:1885,skill_2:534,skill_3:380,team_buff:0
7041,Halloween_Elisanne,5*,light,lance,3843,[Resounding_Rendition+Jewels_of_the_Sun][Cupid][HDT2],<hp70>,,attack:1485,force_strike:183,skill_1:2397,skill_2:849,skill_3:847,team_buff:1277
6418,_c_Halloween_Elisanne,5*,light,lance,3843,[Resounding_Rendition+Jewels_of_the_Sun][Cupid][HDT2],!<hp70>,,attack:1324,force_strike:163,skill_1:2138,skill_2:758,skill_3:756,team_buff:1277
10063,Halloween_Mym,5*,flame,axe,4018,[Kung_Fu_Masters+Jewels_of_the_Sun][Dreadking_Rathalos][Agito],<hp70 & s1 defdown for 10s & buff all team>,,attack:4215,force_strike:1257,skill_1:1163,skill_2:0,skill_3:0,team_buff:3427
5776,_c_Halloween_Mym,5*,flame,axe,4018,[Kung_Fu_Masters+Jewels_of_the_Sun][Dreadking_Rathalos][Agito],!<hp70 & s1 defdown for 10s & buff all team>,,attack:3590,force_strike:1093,skill_1:1092,skill_2:0,skill_3:0,team_buff:0
10659,Halloween_Odetta,4*,water,sword,3795,[Mega_Friends+FirstRate_Hospitality][Dragonyule_Jeanne][HDT2],<buff all team & hp70>,,attack:1982,force_strike:2053,skill_1:2504,skill_2:0,skill_3:1057,team_buff:3061
7636,_c_Halloween_Odetta,4*,water,sword,3795,[Mega_Friends+FirstRate_Hospitality][Dragonyule_Jeanne][HDT2],!<buff all team & hp70>,,attack:1878,force_strike:1945,skill_1:2373,skill_2:0,skill_3:1002,team_buff:435
5973,Hawk,5*,wind,bow,3654,[Forest_Bonds+Dear_Diary][AC011_Garland][HDT2],<hp100 & maintain shield & hp30 every 90s & 80 stun res>,,attack:1576,force_strike:894,skill_1:2513,skill_2:0,skill_3:908,team_buff:0,fs_boost:80
4147,_c_Hawk,5*,wind,bow,3654,[Forest_Bonds+Dear_Diary][AC011_Garland][HDT2],!<hp100 & maintain shield & hp30 every 90s & 80 stun res>,,attack:1222,force_strike:690,skill_1:1502,skill_2:0,skill_3:671,team_buff:0,fs_boost:60
6520,Irfan,3*,light,dagger,3603,[Twinfold_Bonds+Levins_Champion][Daikokuten][HDT2],<hit15 & hp70>,,attack:2358,force_strike:279,skill_1:2270,skill_2:826,skill_3:784,team_buff:0
4852,_c_Irfan,3*,light,dagger,3603,[Twinfold_Bonds+Levins_Champion][Daikokuten][HDT2],!<hit15 & hp70>,,attack:1773,force_strike:213,skill_1:1675,skill_2:610,skill_3:579,team_buff:0
4840,Jakob,3*,water,lance,3764,[Resounding_Rendition+Beautiful_Nothingness][Dragonyule_Jeanne][HDT2],<hp70 & 100 bog res>,,attack:2056,force_strike:270,skill_1:1865,skill_2:0,skill_3:648,team_buff:0
4324,_c_Jakob,3*,water,lance,3764,[Resounding_Rendition+Beautiful_Nothingness][Dragonyule_Jeanne][HDT2],!<hp70 & 100 bog res>,,attack:1837,force_strike:242,skill_1:1666,skill_2:0,skill_3:578,team_buff:0
9795,Joe,3*,flame,bow,3958,[Mega_Friends+Dear_Diary][Dreadking_Rathalos][Agito],<hp30 every 90s & hp100 & 0 burn res>,80% burn uptime,attack:2190,force_strike:2690,skill_1:2902,skill_2:1009,skill_3:0,team_buff:0,s1_burn:655,s2_burn:346
8108,_c_Joe,3*,flame,bow,3958,[Mega_Friends+Dear_Diary][Dreadking_Rathalos][Agito],!<hp30 every 90s & hp100 & 0 burn res>,,attack:2017,force_strike:2479,skill_1:2679,skill_2:931,skill_3:0,team_buff:0
6665,Johanna,3*,wind,axe,3666,[Kung_Fu_Masters+Crystalian_Envoy][Vayu][HDT2],<hp70>,,attack:1974,force_strike:263,skill_1:2484,skill_2:1341,skill_3:601,team_buff:0
6013,_c_Johanna,3*,wind,axe,3666,[Kung_Fu_Masters+Crystalian_Envoy][Vayu][HDT2],!<hp70>,,attack:1781,force_strike:237,skill_1:2241,skill_2:1210,skill_3:542,team_buff:0
5812,Julietta,5*,light,axe,3872,[Kung_Fu_Masters+Flower_in_the_Fray][Cupid][HDT2],<>,no fs & no s2,attack:2779,force_strike:0,skill_1:2569,skill_2:0,skill_3:463,team_buff:0
6726,Jurota,3*,water,blade,3807,[Resounding_Rendition+Beautiful_Nothingness][Siren][HDT2],<hp70>,,attack:2184,force_strike:0,skill_1:3343,skill_2:0,skill_3:1198,team_buff:0
5894,_c_Jurota,3*,water,blade,3807,[Resounding_Rendition+Beautiful_Nothingness][Siren][HDT2],!<hp70>,,attack:1914,force_strike:0,skill_1:2930,skill_2:0,skill_3:1050,team_buff:0
6344,Karina,4*,water,axe,3722,[Kung_Fu_Masters+Crystalian_Envoy][Siren][HDT2],<hp70>,,attack:1936,force_strike:222,skill_1:2638,skill_2:998,skill_3:549,team_buff:0
5724,_c_Karina,4*,water,axe,3722,[Kung_Fu_Masters+Crystalian_Envoy][Siren][HDT2],!<hp70>,,attack:1746,force_strike:200,skill_1:2380,skill_2:901,skill_3:495,team_buff:0
14185,Karl,4*,flame,sword,4009,[The_Lurker_in_the_Woods+Primal_Crisis][Dreadking_Rathalos][Agito],<hit15 & hp70>,,attack:4673,force_strike:6043,skill_1:0,skill_2:0,skill_3:0,team_buff:3468
11418,_c_Karl,4*,flame,sword,4009,[The_Lurker_in_the_Woods+Primal_Crisis][Dreadking_Rathalos][Agito],!<hit15 & hp70>,,attack:3472,force_strike:4477,skill_1:0,skill_2:0,skill_3:0,team_buff:3468
7905,Kleimann,4*,shadow,wand,3661,[Candy_Couriers+Primal_Crisis][Fatalis][HDT2],<hit15>,,attack:2688,force_strike:510,skill_1:3666,skill_2:1040,skill_3:0,team_buff:0
6690,_c_Kleimann,4*,shadow,wand,3661,[Candy_Couriers+Primal_Crisis][Fatalis][HDT2],!<hit15>,,attack:2297,force_strike:429,skill_1:3086,skill_2:876,skill_3:0,team_buff:0
6457,Ku_Hai,4*,wind,sword,3592,[The_Lurker_in_the_Woods+Resounding_Rendition][Zephyr][HDT2],<huge hitbox eneny & hp70>,c2+fs during s2,attack:1398,force_strike:141,skill_1:2010,skill_2:0,skill_3:575,team_buff:0,fs_alt_hit1:777,fs_alt_hit2:777,fs_alt_hit3:777
4709,_c_Ku_Hai,4*,wind,sword,3592,[The_Lurker_in_the_Woods+Resounding_Rendition][Zephyr][HDT2],!<huge hitbox eneny & hp70>,c2+fs during s2,attack:998,force_strike:304,skill_1:1583,skill_2:0,skill_3:529,team_buff:0,fs_alt_hit1:646,fs_alt_hit2:646
6063,Laranoa,5*,water,bow,3658,[Forest_Bonds+Dear_Diary][Siren][HDT2],<buff all team & hp30 every 90s>,doesn't count spbuff for teammates,attack:1250,force_strike:418,skill_1:3552,skill_2:0,skill_3:577,team_buff:264
5283,_c_Laranoa,5*,water,bow,3658,[Forest_Bonds+Dear_Diary][Siren][HDT2],!<buff all team & hp30 every 90s>,doesn't count spbuff for teammates,attack:1138,force_strike:381,skill_1:3234,skill_2:0,skill_3:528,team_buff:0
7950,Lathna,5*,shadow,lance,3822,[Resounding_Rendition+Beautiful_Nothingness][Shinobi][HDT2],<hp70>,no poison,attack:1606,force_strike:0,skill_1:4153,skill_2:1728,skill_3:461,team_buff:0
6967,_c_Lathna,5*,shadow,lance,3822,[Resounding_Rendition+Beautiful_Nothingness][Shinobi][HDT2],!<hp70>,no poison,attack:1407,force_strike:0,skill_1:3640,skill_2:1514,skill_3:404,team_buff:0
5098,Laxi,4*,flame,blade,4033,[Heralds_of_Hinomoto+Dear_Diary][Konohana_Sakuya][Agito],<hp30 every 90s>,a1 proc at 0s,attack:2416,force_strike:0,skill_1:1451,skill_2:0,skill_3:0,team_buff:0,s1_boost:1231
4736,_c_Laxi,4*,flame,blade,4033,[Heralds_of_Hinomoto+Dear_Diary][Konohana_Sakuya][Agito],!<hp30 every 90s>,a1 proc at 0s,attack:2240,force_strike:0,skill_1:1349,skill_2:0,skill_3:0,team_buff:0,s1_boost:1146
9209,Lea,5*,flame,sword,3915,[The_Shining_Overlord+Elegant_Escort][Dreadking_Rathalos][Agito],<reflect 500 damage on every s2 & 0 burn res>,c2+fs; 94% burn uptime,attack:1395,force_strike:2173,skill_1:3129,skill_2:1237,skill_3:0,team_buff:0,s1_burn:1000,s2_reflect:273
6257,_c_Lea,5*,flame,sword,3915,[The_Shining_Overlord+Elegant_Escort][Dreadking_Rathalos][Agito],!<reflect 500 damage on every s2 & 0 burn res>,c2+fs,attack:1104,force_strike:1721,skill_1:2478,skill_2:951,skill_3:0,team_buff:0
7806,Lily,5*,water,wand,3741,[Candy_Couriers+Seaside_Princess][Siren][HDT2],<hp100>,,attack:1491,force_strike:0,skill_1:3148,skill_2:1900,skill_3:1264,team_buff:0
6217,_c_Lily,5*,water,wand,3741,[Candy_Couriers+Seaside_Princess][Siren][HDT2],!<hp100>,,attack:1188,force_strike:0,skill_1:2508,skill_2:1514,skill_3:1007,team_buff:0
6024,Linus,3*,light,axe,3831,[Kung_Fu_Masters+Flower_in_the_Fray][Cupid][HDT2],<>,,attack:2487,force_strike:222,skill_1:2100,skill_2:755,skill_3:458,team_buff:0
7446,Lin_You,5*,wind,axe,3782,[Kung_Fu_Masters+Crystalian_Envoy][Vayu][HDT2],<hp70>,2in1 ,attack:2418,force_strike:0,skill_1:3498,skill_2:0,skill_3:655,team_buff:0,s1_powerup:874
6325,_c_Lin_You,5*,wind,axe,3782,[Kung_Fu_Masters+Crystalian_Envoy][Vayu][HDT2],!<hp70>,2in1 ,attack:2054,force_strike:0,skill_1:2971,skill_2:0,skill_3:556,team_buff:0,s1_powerup:742
7693,Louise,5*,wind,bow,3616,[Dear_Diary+The_Fires_of_Hate][Vayu][HDT2],<hp30 every 90s & hp100 & 0 poison res>,no fs; 88% poison uptime,attack:1890,force_strike:0,skill_1:2414,skill_2:2139,skill_3:558,team_buff:0,s1_poison:691
4331,_c_Louise,5*,wind,bow,3616,[Dear_Diary+The_Fires_of_Hate][Vayu][HDT2],!<hp30 every 90s & hp100 & 0 poison res>,no fs,attack:1313,force_strike:0,skill_1:1681,skill_2:960,skill_3:376,team_buff:0
6175,Luca,4*,light,bow,3507,[Forest_Bonds+Dear_Diary][Daikokuten][HDT2],<hp100 & hit15 & hp30 every 90s & 0 paralysis res>,86% paralysis uptime,attack:1642,force_strike:937,skill_1:1855,skill_2:748,skill_3:411,team_buff:0,s1_paralysis:580
4098,_c_Luca,4*,light,bow,3507,[Forest_Bonds+Dear_Diary][Daikokuten][HDT2],!<hp100 & hit15 & hp30 every 90s & 0 paralysis res>,,attack:1212,force_strike:684,skill_1:1354,skill_2:546,skill_3:300,team_buff:0
7544,Lucretia,5*,light,wand,3844,[Candy_Couriers+Primal_Crisis][Daikokuten][HDT2],<energy & hit15>,,attack:3230,force_strike:0,skill_1:2012,skill_2:0,skill_3:1677,team_buff:0,team_energy:25,s3_energized:599
4709,_c_Lucretia,5*,light,wand,3844,[Candy_Couriers+Primal_Crisis][Daikokuten][HDT2],!<energy & hit15>,,attack:2304,force_strike:0,skill_1:1375,skill_2:0,skill_3:1029,team_buff:0
6621,Luther,4*,water,dagger,3683,[Twinfold_Bonds+The_Prince_of_Dragonyule][Siren][HDT2],<hit15>,,attack:1697,force_strike:181,skill_1:2789,skill_2:716,skill_3:1152,team_buff:84
5053,_c_Luther,4*,water,dagger,3683,[Twinfold_Bonds+The_Prince_of_Dragonyule][Siren][HDT2],!<hit15>,,attack:1312,force_strike:144,skill_1:2103,skill_2:539,skill_3:869,team_buff:84
6020,Malka,3*,light,lance,3791,[Resounding_Rendition+Beautiful_Nothingness][Cupid][HDT2],<hp70>,,attack:2119,force_strike:274,skill_1:2132,skill_2:0,skill_3:698,team_buff:795
5464,_c_Malka,3*,light,lance,3791,[Resounding_Rendition+Beautiful_Nothingness][Cupid][HDT2],!<hp70>,,attack:1894,force_strike:245,skill_1:1905,skill_2:0,skill_3:624,team_buff:795
6368,Malora,3*,light,bow,3507,[Forest_Bonds+Dear_Diary][Daikokuten][HDT2],<hit15 & hp30 every 90s>,,attack:1628,force_strike:499,skill_1:2232,skill_2:927,skill_3:808,team_buff:271
5059,_c_Malora,3*,light,bow,3507,[Forest_Bonds+Dear_Diary][Daikokuten][HDT2],!<hit15 & hp30 every 90s>,,attack:1289,force_strike:391,skill_1:1747,skill_2:726,skill_3:632,team_buff:271
10994,Maribelle,5*,wind,wand,3867,[Candy_Couriers+Primal_Crisis][AC011_Garland][HDT2],<maintain shield & hp100 & hit15>,,attack:2403,force_strike:0,skill_1:4059,skill_2:2140,skill_3:2020,team_buff:370
6962,_c_Maribelle,5*,wind,wand,3867,[Candy_Couriers+Primal_Crisis][AC011_Garland][HDT2],!<maintain shield & hp100 & hit15>,,attack:1746,force_strike:0,skill_1:2392,skill_2:1229,skill_3:1224,team_buff:370
11975,Marth,5*,flame,sword,3906,[Mega_Friends+Primal_Crisis][Dreadking_Rathalos][Agito],<hit15>,c2fs,attack:2097,force_strike:3112,skill_1:3667,skill_2:1675,skill_3:0,team_buff:1422
9609,_c_Marth,5*,flame,sword,3906,[Mega_Friends+Primal_Crisis][Dreadking_Rathalos][Agito],!<hit15>,c2fs,attack:1626,force_strike:2413,skill_1:2802,skill_2:1344,skill_3:0,team_buff:1422
8353,Marty,3*,flame,sword,3777,[Mega_Friends+Beautiful_Nothingness][Dreadking_Rathalos][Agito],<hp70>,,attack:2085,force_strike:3094,skill_1:3173,skill_2:0,skill_3:0,team_buff:0
7847,_c_Marty,3*,flame,sword,3777,[Mega_Friends+Beautiful_Nothingness][Dreadking_Rathalos][Agito],!<hp70>,,attack:1959,force_strike:2907,skill_1:2981,skill_2:0,skill_3:0,team_buff:0
9146,Melody,3*,wind,blade,3805,[Resounding_Rendition+A_Dogs_Day][AC011_Garland][HDT2],<maintain shield & hp100 & hp70>,no s2,attack:3346,force_strike:0,skill_1:0,skill_2:1291,skill_3:1074,team_buff:3434
7878,_c_Melody,3*,wind,blade,3805,[Resounding_Rendition+A_Dogs_Day][AC011_Garland][HDT2],!<maintain shield & hp100 & hp70>,no s2,attack:2616,force_strike:0,skill_1:0,skill_2:1021,skill_3:806,team_buff:3434
7839,Melsa,4*,flame,dagger,3813,[Twinfold_Bonds+The_Lurker_in_the_Woods][Dreadking_Rathalos][Agito],<hit15>,,attack:1520,force_strike:2931,skill_1:2318,skill_2:1070,skill_3:0,team_buff:0
6832,_c_Melsa,4*,flame,dagger,3813,[Twinfold_Bonds+The_Lurker_in_the_Woods][Dreadking_Rathalos][Agito],!<hit15>,,attack:1331,force_strike:2562,skill_1:2009,skill_2:928,skill_3:0,team_buff:0
8878,Mikoto,5*,flame,blade,4066,[Resounding_Rendition+Beautiful_Nothingness][Arctos][Agito],<hp70>,,attack:5298,force_strike:0,skill_1:3579,skill_2:0,skill_3:0,team_buff:0
6982,_c_Mikoto,5*,flame,blade,4066,[Resounding_Rendition+Beautiful_Nothingness][Arctos][Agito],!<hp70>,,attack:4167,force_strike:0,skill_1:2815,skill_2:0,skill_3:0,team_buff:0
9987,Musashi,4*,wind,blade,3861,[Resounding_Rendition+The_Fires_of_Hate][Vayu][HDT2],<last offense & hp70 & hp100 & 0 poison res>,89% poison uptime,attack:2875,force_strike:0,skill_1:4342,skill_2:0,skill_3:1703,team_buff:0,s1_poison:1065
6071,_c_Musashi,4*,wind,blade,3861,[Resounding_Rendition+The_Fires_of_Hate][Vayu][HDT2],!<last offense & hp70 & hp100 & 0 poison res>,,attack:1881,force_strike:0,skill_1:2992,skill_2:0,skill_3:1196,team_buff:0
11611,Naveed,5*,flame,sword,4082,[The_Shining_Overlord+Primal_Crisis][Konohana_Sakuya][Agito],<hit15>,,attack:2335,force_strike:779,skill_1:4792,skill_2:0,skill_3:0,team_buff:0,s1_boost:3704
8988,_c_Naveed,5*,flame,sword,4082,[The_Shining_Overlord+Primal_Crisis][Konohana_Sakuya][Agito],!<hit15>,,attack:1811,force_strike:591,skill_1:3747,skill_2:0,skill_3:0,team_buff:0,s1_boost:2837
7280,Nefaria,5*,shadow,bow,3608,[Forest_Bonds+Dear_Diary][Fatalis][HDT2],<hp30 every 90s & hp100 & 80 blind res>,,attack:1730,force_strike:1075,skill_1:3321,skill_2:0,skill_3:1052,team_buff:0,fs_boost:101
5382,_c_Nefaria,5*,shadow,bow,3608,[Forest_Bonds+Dear_Diary][Fatalis][HDT2],!<hp30 every 90s & hp100 & 80 blind res>,,attack:1482,force_strike:889,skill_1:2130,skill_2:0,skill_3:794,team_buff:0,fs_boost:86
8456,Nicolas,3*,wind,wand,3826,[Candy_Couriers+Primal_Crisis][Vayu][HDT2],<hit15>,,attack:2031,force_strike:0,skill_1:3546,skill_2:1594,skill_3:1283,team_buff:0
6811,_c_Nicolas,3*,wind,wand,3826,[Candy_Couriers+Primal_Crisis][Vayu][HDT2],!<hit15>,,attack:1659,force_strike:0,skill_1:2843,skill_2:1278,skill_3:1029,team_buff:0
13580,Noelle,4*,wind,wand,3798,[A_Dogs_Day+Castle_Cheer_Corps][Freyja][HDT2],<buff all team>,,attack:2074,force_strike:64,skill_1:0,skill_2:906,skill_3:939,team_buff:9594
3985,_c_Noelle,4*,wind,wand,3798,[A_Dogs_Day+Castle_Cheer_Corps][Freyja][HDT2],!<buff all team>,,attack:2074,force_strike:64,skill_1:0,skill_2:906,skill_3:939,team_buff:0
6666,Norwin,4*,shadow,bow,3621,[Forest_Bonds+Dear_Diary][Fatalis][HDT2],<hp30 every 90s & 80 blind res>,,attack:1728,force_strike:256,skill_1:3352,skill_2:0,skill_3:935,team_buff:393
5422,_c_Norwin,4*,shadow,bow,3621,[Forest_Bonds+Dear_Diary][Fatalis][HDT2],!<hp30 every 90s & 80 blind res>,,attack:1512,force_strike:224,skill_1:2884,skill_2:0,skill_3:801,team_buff:0
9692,Odetta,4*,light,sword,3737,[Resounding_Rendition+The_Lurker_in_the_Woods][Cupid][HDT2],<buff all team & hp70>,c2+fs,attack:1885,force_strike:2092,skill_1:2324,skill_2:0,skill_3:984,team_buff:2404
6934,_c_Odetta,4*,light,sword,3737,[Resounding_Rendition+The_Lurker_in_the_Woods][Cupid][HDT2],!<buff all team & hp70>,c2+fs,attack:1681,force_strike:1866,skill_1:2072,skill_2:0,skill_3:878,team_buff:435
6568,Orion,4*,shadow,dagger,3572,[Twinfold_Bonds+Howling_to_the_Heavens][Fatalis][HDT2],<hit15>,,attack:2493,force_strike:265,skill_1:1841,skill_2:1056,skill_3:911,team_buff:0
5239,_c_Orion,4*,shadow,dagger,3572,[Twinfold_Bonds+Howling_to_the_Heavens][Fatalis][HDT2],!<hit15>,,attack:1993,force_strike:207,skill_1:1496,skill_2:827,skill_3:714,team_buff:0
7181,Orsem,4*,water,dagger,3723,[Twinfold_Bonds+The_Prince_of_Dragonyule][Siren][HDT2],<hit15 & hp70>,,attack:1541,force_strike:308,skill_1:2898,skill_2:1238,skill_3:1194,team_buff:0
5238,_c_Orsem,4*,water,dagger,3723,[Twinfold_Bonds+The_Prince_of_Dragonyule][Siren][HDT2],!<hit15 & hp70>,,attack:1147,force_strike:230,skill_1:2098,skill_2:897,skill_3:865,team_buff:0
6063,Philia,3*,wind,bow,3613,[Forest_Bonds+Dear_Diary][AC011_Garland][HDT2],<maintain shield & hp100 & hp30 every 90s & 0 paralysis res>,42% paralysis uptime,attack:2238,force_strike:0,skill_1:1845,skill_2:919,skill_3:919,team_buff:0,s2_paralysis:140
4402,_c_Philia,3*,wind,bow,3613,[Forest_Bonds+Dear_Diary][AC011_Garland][HDT2],!<maintain shield & hp100 & hp30 every 90s & 0 paralysis res>,,attack:1679,force_strike:0,skill_1:1367,skill_2:696,skill_3:659,team_buff:0
4969,Pia,4*,wind,lance,3669,[Resounding_Rendition+Beautiful_Nothingness][Vayu][HDT2],<energy & hp70>,,attack:1483,force_strike:163,skill_1:2413,skill_2:0,skill_3:883,team_buff:0,team_energy:25
4332,_c_Pia,4*,wind,lance,3669,[Resounding_Rendition+Beautiful_Nothingness][Vayu][HDT2],!<energy & hp70>,,attack:1299,force_strike:143,skill_1:2115,skill_2:0,skill_3:774,team_buff:0
5303,Pietro,3*,water,axe,3702,[Kung_Fu_Masters+Flower_in_the_Fray][Siren][HDT2],<>,,attack:1910,force_strike:249,skill_1:2580,skill_2:0,skill_3:562,team_buff:0
6589,Raemond,3*,light,sword,3710,[The_Shining_Overlord+Beautiful_Nothingness][Cupid][HDT2],<hp70>,,attack:1845,force_strike:848,skill_1:2101,skill_2:940,skill_3:854,team_buff:0
6202,_c_Raemond,3*,light,sword,3710,[The_Shining_Overlord+Beautiful_Nothingness][Cupid][HDT2],!<hp70>,,attack:1736,force_strike:798,skill_1:1977,skill_2:884,skill_3:804,team_buff:0
10266,Ramona,5*,flame,axe,4053,[Kung_Fu_Masters+Valiant_Crown][Konohana_Sakuya][Agito],<>,,attack:1976,force_strike:0,skill_1:8290,skill_2:0,skill_3:0,team_buff:0
6465,Ranzal,4*,wind,axe,3673,[Kung_Fu_Masters+Jewels_of_the_Sun][Vayu][HDT2],<hp70>,do not use fs,attack:2069,force_strike:0,skill_1:3216,skill_2:0,skill_3:1179,team_buff:0
5968,_c_Ranzal,4*,wind,axe,3673,[Kung_Fu_Masters+Jewels_of_the_Sun][Vayu][HDT2],!<hp70>,do not use fs,attack:1910,force_strike:0,skill_1:2969,skill_2:0,skill_3:1088,team_buff:0
5515,Rawn,4*,light,bow,3523,[Forest_Bonds+Dear_Diary][Daikokuten][HDT2],<hit15 & hp30 every 90s>,,attack:1644,force_strike:396,skill_1:1725,skill_2:985,skill_3:764,team_buff:0
4332,_c_Rawn,4*,light,bow,3523,[Forest_Bonds+Dear_Diary][Daikokuten][HDT2],!<hit15 & hp30 every 90s>,,attack:1301,force_strike:310,skill_1:1350,skill_2:771,skill_3:598,team_buff:0
12363,Rena,5*,flame,blade,3982,[Resounding_Rendition+Elegant_Escort][Konohana_Sakuya][Agito],<hp70 & 0 burn res>,85% burn uptime,attack:2723,force_strike:327,skill_1:7417,skill_2:0,skill_3:0,team_buff:0,s1_burn:1894
6599,_c_Rena,5*,flame,blade,3982,[Resounding_Rendition+Elegant_Escort][Konohana_Sakuya][Agito],!<hp70 & 0 burn res>,,attack:2036,force_strike:240,skill_1:4322,skill_2:0,skill_3:0,team_buff:0
6523,Renee,4*,water,dagger,3683,[Twinfold_Bonds+The_Prince_of_Dragonyule][Siren][HDT2],<hit15 & 100 bog res>,,attack:1696,force_strike:170,skill_1:2822,skill_2:772,skill_3:1063,team_buff:0
5368,_c_Renee,4*,water,dagger,3683,[Twinfold_Bonds+The_Prince_of_Dragonyule][Siren][HDT2],!<hit15 & 100 bog res>,,attack:1411,force_strike:143,skill_1:2326,skill_2:625,skill_3:861,team_buff:0
11834,Renelle,3*,flame,dagger,3966,[Twinfold_Bonds+Elegant_Escort][Dreadking_Rathalos][Agito],<hit15 & 0 burn res>,88% burn uptime,attack:2544,force_strike:3158,skill_1:3387,skill_2:1434,skill_3:0,team_buff:122,s1_burn:812,s2_burn:374
7146,_c_Renelle,3*,flame,dagger,3966,[Twinfold_Bonds+Elegant_Escort][Dreadking_Rathalos][Agito],!<hit15 & 0 burn res>,,attack:1705,force_strike:2121,skill_1:2271,skill_2:925,skill_3:0,team_buff:122
6301,Rex,3*,water,axe,3786,[Kung_Fu_Masters+Crystalian_Envoy][Siren][HDT2],<hp70>,,attack:2058,force_strike:224,skill_1:2545,skill_2:917,skill_3:555,team_buff:0
5685,_c_Rex,3*,water,axe,3786,[Kung_Fu_Masters+Crystalian_Envoy][Siren][HDT2],!<hp70>,,attack:1857,force_strike:202,skill_1:2297,skill_2:827,skill_3:501,team_buff:0
7608,Rodrigo,3*,shadow,sword,3670,[The_Shining_Overlord+Beautiful_Nothingness][Fatalis][HDT2],<hp70>,,attack:2118,force_strike:875,skill_1:2424,skill_2:1091,skill_3:1099,team_buff:0
6917,_c_Rodrigo,3*,shadow,sword,3670,[The_Shining_Overlord+Beautiful_Nothingness][Fatalis][HDT2],!<hp70>,,attack:1925,force_strike:796,skill_1:2203,skill_2:991,skill_3:999,team_buff:0
4438,Ryozen,4*,light,lance,3766,[Resounding_Rendition+Beautiful_Nothingness][Cupid][HDT2],<hp70>,,attack:1943,force_strike:358,skill_1:0,skill_2:1171,skill_3:963,team_buff:0
3965,_c_Ryozen,4*,light,lance,3766,[Resounding_Rendition+Beautiful_Nothingness][Cupid][HDT2],!<hp70>,,attack:1736,force_strike:320,skill_1:0,skill_2:1047,skill_3:861,team_buff:0
8862,Summer_Celliera,5*,water,sword,3802,[Valiant_Crown+Jewels_of_the_Sun][Dragonyule_Jeanne][HDT2],<hp70 & 100 bog res>,,attack:1904,force_strike:1392,skill_1:2948,skill_2:838,skill_3:945,team_buff:833
8344,_c_Summer_Celliera,5*,water,sword,3802,[Valiant_Crown+Jewels_of_the_Sun][Dragonyule_Jeanne][HDT2],!<hp70 & 100 bog res>,,attack:1781,force_strike:1302,skill_1:2758,skill_2:784,skill_3:884,team_buff:833
8784,Summer_Estelle,4*,water,wand,3664,[Candy_Couriers+Primal_Crisis][Siren][HDT2],<buff all team & hit15>,,attack:2222,force_strike:0,skill_1:3628,skill_2:0,skill_3:1438,team_buff:1495
6190,_c_Summer_Estelle,4*,water,wand,3664,[Candy_Couriers+Primal_Crisis][Siren][HDT2],!<buff all team & hit15>,,attack:1810,force_strike:0,skill_1:2909,skill_2:0,skill_3:1153,team_buff:317
7909,Summer_Julietta,5*,water,axe,3836,[Kung_Fu_Masters+Jewels_of_the_Sun][Siren][HDT2],<buff all team & hp70 & 100 bog res>,,attack:2218,force_strike:0,skill_1:3114,skill_2:0,skill_3:1312,team_buff:1264
6134,_c_Summer_Julietta,5*,water,axe,3836,[Kung_Fu_Masters+Jewels_of_the_Sun][Siren][HDT2],!<buff all team & hp70 & 100 bog res>,,attack:2047,force_strike:0,skill_1:2874,skill_2:0,skill_3:1211,team_buff:0
11519,Student_Maribelle,5*,flame,wand,3989,[Candy_Couriers+Primal_Crisis][Konohana_Sakuya][Agito],<hp100 & hit15>,,attack:2097,force_strike:468,skill_1:5907,skill_2:2664,skill_3:0,team_buff:381
8326,_c_Student_Maribelle,5*,flame,wand,3989,[Candy_Couriers+Primal_Crisis][Konohana_Sakuya][Agito],!<hp100 & hit15>,,attack:1715,force_strike:375,skill_1:4034,skill_2:1819,skill_3:0,team_buff:381
5886,Summer_Ranzal,4*,water,blade,3746,[Resounding_Rendition+FirstRate_Hospitality][Siren][HDT2],<buff all team & last offense & hp70 & 100 bog res>,,attack:2049,force_strike:0,skill_1:2680,skill_2:0,skill_3:658,team_buff:497
4440,_c_Summer_Ranzal,4*,water,blade,3746,[Resounding_Rendition+FirstRate_Hospitality][Siren][HDT2],!<buff all team & last offense & hp70 & 100 bog res>,,attack:1632,force_strike:0,skill_1:2222,skill_2:0,skill_3:585,team_buff:0
9761,Serena,4*,flame,sword,3796,[Mega_Friends+Primal_Crisis][Dreadking_Rathalos][Agito],<always connect hits & hit15>,,attack:2088,force_strike:3092,skill_1:3197,skill_2:1382,skill_3:0,team_buff:0
7722,_c_Serena,4*,flame,sword,3796,[Mega_Friends+Primal_Crisis][Dreadking_Rathalos][Agito],!<always connect hits & hit15>,,attack:1659,force_strike:2456,skill_1:2521,skill_2:1084,skill_3:0,team_buff:0
5403,Su_Fang,4*,wind,dagger,3557,[Twinfold_Bonds+Levins_Champion][Vayu][HDT2],<hit15 & hp70>,,attack:1861,force_strike:172,skill_1:2153,skill_2:0,skill_3:1217,team_buff:0
4476,_c_Su_Fang,4*,wind,dagger,3557,[Twinfold_Bonds+Levins_Champion][Vayu][HDT2],!<hit15 & hp70>,,attack:1549,force_strike:145,skill_1:1777,skill_2:0,skill_3:1004,team_buff:0
8519,Sylas,5*,wind,lance,3744,[Resounding_Rendition+The_Fires_of_Hate][Vayu][HDT2],<hp70 & hp100 & 0 poison res>,not consider skill haste for team; 90% poison uptime,attack:2078,force_strike:168,skill_1:3167,skill_2:0,skill_3:1822,team_buff:276,s1_poison:1005
5006,_c_Sylas,5*,wind,lance,3744,[Resounding_Rendition+The_Fires_of_Hate][Vayu][HDT2],!<hp70 & hp100 & 0 poison res>,not consider skill haste for team,attack:1365,force_strike:112,skill_1:2085,skill_2:0,skill_3:1166,team_buff:276
6604,Taro,3*,shadow,blade,3895,[Resounding_Rendition+Beautiful_Nothingness][Fatalis][HDT2],<hp70>,,attack:2680,force_strike:0,skill_1:2127,skill_2:764,skill_3:1031,team_buff:0
5939,_c_Taro,3*,shadow,blade,3895,[Resounding_Rendition+Beautiful_Nothingness][Fatalis][HDT2],!<hp70>,,attack:2410,force_strike:0,skill_1:1913,skill_2:687,skill_3:927,team_buff:0
9233,Valentines_Ezelith,4*,flame,bow,3774,[Elegant_Escort+Dear_Diary][Dreadking_Rathalos][Agito],<never lose combos & hp30 every 90s & 0 burn res>,78% burn uptime,attack:1366,force_strike:3452,skill_1:1795,skill_2:1005,skill_3:0,team_buff:650,s1_burn:563,s1_energized:398
6298,_c_Valentines_Ezelith,4*,flame,bow,3774,[Elegant_Escort+Dear_Diary][Dreadking_Rathalos][Agito],!<never lose combos & hp30 every 90s & 0 burn res>,,attack:1026,force_strike:2564,skill_1:1337,skill_2:719,skill_3:0,team_buff:650
9811,Valentines_Orion,3*,flame,sword,3845,[Mega_Friends+Elegant_Escort][Dreadking_Rathalos][Agito],<0 burn res>,90% burn uptime,attack:2427,force_strike:3601,skill_1:2953,skill_2:0,skill_3:0,team_buff:0,s1_burn:829
7107,_c_Valentines_Orion,3*,flame,sword,3845,[Mega_Friends+Elegant_Escort][Dreadking_Rathalos][Agito],!<0 burn res>,,attack:1920,force_strike:2849,skill_1:2338,skill_2:0,skill_3:0,team_buff:0
8946,Vanessa,4*,flame,axe,4023,[Kung_Fu_Masters+Mega_Friends][Dreadking_Rathalos][Agito],<last offense>,,attack:2914,force_strike:1815,skill_1:2987,skill_2:949,skill_3:0,team_buff:279
8533,_c_Vanessa,4*,flame,axe,4023,[Kung_Fu_Masters+Mega_Friends][Dreadking_Rathalos][Agito],!<last offense>,,attack:2722,force_strike:1734,skill_1:2847,skill_2:949,skill_3:0,team_buff:279
11321,Veronica,5*,shadow,wand,3736,[Candy_Couriers+Primal_Crisis][Shinobi][HDT2],<hit15 & hp=80%>,,attack:1879,force_strike:175,skill_1:5614,skill_2:1786,skill_3:1259,team_buff:606
9375,_c_Veronica,5*,shadow,wand,3736,[Candy_Couriers+Primal_Crisis][Shinobi][HDT2],!<hit15 & hp=80%>,,attack:1533,force_strike:141,skill_1:4652,skill_2:1432,skill_3:1009,team_buff:606
6528,Vice,3*,shadow,dagger,3557,[Twinfold_Bonds+Howling_to_the_Heavens][Fatalis][HDT2],<hit15>,,attack:2495,force_strike:245,skill_1:2044,skill_2:871,skill_3:872,team_buff:0
5529,_c_Vice,3*,shadow,dagger,3557,[Twinfold_Bonds+Howling_to_the_Heavens][Fatalis][HDT2],!<hit15>,,attack:2129,force_strike:213,skill_1:1719,skill_2:732,skill_3:733,team_buff:0
6225,Vida,3*,shadow,dagger,3557,[Twinfold_Bonds+Howling_to_the_Heavens][Fatalis][HDT2],<hit15>,,attack:2568,force_strike:374,skill_1:2321,skill_2:0,skill_3:846,team_buff:0,fs_boost:114
5274,_c_Vida,3*,shadow,dagger,3557,[Twinfold_Bonds+Howling_to_the_Heavens][Fatalis][HDT2],!<hit15>,,attack:2190,force_strike:323,skill_1:1952,skill_2:0,skill_3:711,team_buff:0,fs_boost:96
7694,Wedding_Aoi,5*,wind,dagger,3558,[Twinfold_Bonds+Levins_Champion][Vayu][HDT2],<big hitbox & hit15 & hp70 & 80 sleep res>,,attack:1521,force_strike:163,skill_1:2844,skill_2:0,skill_3:886,team_buff:330,s1_hit1:479,s1_hit2:489,s1_hit3:489,s1_hit4:489
4681,_c_Wedding_Aoi,5*,wind,dagger,3558,[Twinfold_Bonds+Levins_Champion][Vayu][HDT2],!<big hitbox & hit15 & hp70 & 80 sleep res>,,attack:1246,force_strike:135,skill_1:2180,skill_2:0,skill_3:727,team_buff:0,s1_hit1:391
9331,Wedding_Elisanne,5*,wind,sword,3580,[The_Shining_Overlord+Jewels_of_the_Sun][Vayu][HDT2],<hp70 & s2 defdown for 10s>,2in1,attack:1274,force_strike:725,skill_1:3585,skill_2:1260,skill_3:1003,team_buff:1483
8727,_c_Wedding_Elisanne,5*,wind,sword,3580,[The_Shining_Overlord+Jewels_of_the_Sun][Vayu][HDT2],!<hp70 & s2 defdown for 10s>,2in1,attack:1176,force_strike:669,skill_1:3309,skill_2:1163,skill_3:925,team_buff:1483
4771,Waike,3*,water,bow,3618,[Forest_Bonds+Dear_Diary][Siren][HDT2],<hp30 every 90s & 100 bog res>,,attack:1087,force_strike:598,skill_1:1982,skill_2:672,skill_3:430,team_buff:0
4338,_c_Waike,3*,water,bow,3618,[Forest_Bonds+Dear_Diary][Siren][HDT2],!<hp30 every 90s & 100 bog res>,,attack:988,force_strike:543,skill_1:1802,skill_2:611,skill_3:391,team_buff:0
6170,Xainfried,5*,water,lance,3843,[Resounding_Rendition+Beautiful_Nothingness][Siren][HDT2],<hp70>,use s1 only to cancel c5 or fs,attack:1396,force_strike:185,skill_1:2960,skill_2:0,skill_3:832,team_buff:795
5505,_c_Xainfried,5*,water,lance,3843,[Resounding_Rendition+Beautiful_Nothingness][Siren][HDT2],!<hp70>,use s1 only to cancel c5 or fs,attack:1224,force_strike:162,skill_1:2594,skill_2:0,skill_3:729,team_buff:795
7580,Xander,5*,water,sword,3843,[The_Shining_Overlord+Jewels_of_the_Sun][Siren][HDT2],<hp70>,c2+fs,attack:1060,force_strike:1162,skill_1:3196,skill_2:1441,skill_3:720,team_buff:0
6997,_c_Xander,5*,water,sword,3843,[The_Shining_Overlord+Jewels_of_the_Sun][Siren][HDT2],!<hp70>,c2+fs,attack:978,force_strike:1072,skill_1:2950,skill_2:1330,skill_3:665,team_buff:0
13255,Xania,3*,flame,wand,4124,[Candy_Couriers+Primal_Crisis][Apollo][Agito],<hit15 & 0 burn res>,82% burn uptime,attack:3688,force_strike:724,skill_1:4895,skill_2:2471,skill_3:0,team_buff:0,s1_burn:978,s2_burn:496
8380,_c_Xania,3*,flame,wand,4124,[Candy_Couriers+Primal_Crisis][Apollo][Agito],!<hit15 & 0 burn res>,,attack:2650,force_strike:511,skill_1:3478,skill_2:1739,skill_3:0,team_buff:0
9166,Xiao_Lei,3*,light,wand,3762,[Candy_Couriers+Primal_Crisis][Daikokuten][HDT2],<hit15>,,attack:3190,force_strike:0,skill_1:3694,skill_2:0,skill_3:1579,team_buff:702
6790,_c_Xiao_Lei,3*,light,wand,3762,[Candy_Couriers+Primal_Crisis][Daikokuten][HDT2],!<hit15>,,attack:2334,force_strike:0,skill_1:2639,skill_2:0,skill_3:1113,team_buff:702
8030,Xuan_Zang,4*,flame,lance,3893,[Resounding_Rendition+Jewels_of_the_Sun][Dreadking_Rathalos][Agito],<hp70>,,attack:2449,force_strike:1343,skill_1:2668,skill_2:0,skill_3:0,team_buff:1147,s1_boost:422
7043,_c_Xuan_Zang,4*,flame,lance,3893,[Resounding_Rendition+Jewels_of_the_Sun][Dreadking_Rathalos][Agito],!<hp70>,,attack:2098,force_strike:1150,skill_1:2285,skill_2:0,skill_3:0,team_buff:1147,s1_boost:361
10013,Yachiyo,4*,light,blade,3776,[Mega_Friends+Spirit_of_the_Season][Corsaint_Phoenix][HDT2],<hp100 & 0 paralysis res>,83% paralysis uptime,attack:3684,force_strike:127,skill_1:3369,skill_2:0,skill_3:1397,team_buff:0,s1_paralysis:476,fs_boost:956
5076,_c_Yachiyo,4*,light,blade,3776,[Mega_Friends+Spirit_of_the_Season][Corsaint_Phoenix][HDT2],!<hp100 & 0 paralysis res>,,attack:2048,force_strike:66,skill_1:1744,skill_2:0,skill_3:716,team_buff:0,fs_boost:500
8033,Yaten,5*,shadow,sword,3721,[Heralds_of_Hinomoto+Jewels_of_the_Sun][Fatalis][HDT2],<energy & hp70>,,attack:2018,force_strike:917,skill_1:2618,skill_2:0,skill_3:1156,team_buff:0,team_energy:66,s1_boost:658,s1_boost_energized:253,s1_energized:344
5827,_c_Yaten,5*,shadow,sword,3721,[Heralds_of_Hinomoto+Jewels_of_the_Sun][Fatalis][HDT2],!<energy & hp70>,,attack:1716,force_strike:779,skill_1:2421,skill_2:0,skill_3:909,team_buff:0
7297,Yue,4*,flame,axe,3927,[Kung_Fu_Masters+Flower_in_the_Fray][Arctos][Agito],<>,,attack:3533,force_strike:423,skill_1:3340,skill_2:0,skill_3:0,team_buff:0
6994,Yuya,4*,flame,dagger,3857,[Twinfold_Bonds+Levins_Champion][Konohana_Sakuya][Agito],<hit15 & hp70 & hp60>,,attack:2649,force_strike:717,skill_1:3627,skill_2:0,skill_3:0,team_buff:0
4236,_c_Yuya,4*,flame,dagger,3857,[Twinfold_Bonds+Levins_Champion][Konohana_Sakuya][Agito],!<hit15 & hp70 & hp60>,,attack:1601,force_strike:432,skill_1:2202,skill_2:0,skill_3:0,team_buff:0
6080,Zace,3*,shadow,lance,3620,[Resounding_Rendition+Jewels_of_the_Sun][Fatalis][HDT2],<hp70>,,attack:1851,force_strike:273,skill_1:2172,skill_2:940,skill_3:841,team_buff:0
5459,_c_Zace,3*,shadow,lance,3620,[Resounding_Rendition+Jewels_of_the_Sun][Fatalis][HDT2],!<hp70>,,attack:1662,force_strike:245,skill_1:1950,skill_2:844,skill_3:755,team_buff:0
7701,Zardin,3*,water,sword,3724,[The_Shining_Overlord+Jewels_of_the_Sun][Siren][HDT2],<hp100 & hp70>,,attack:1548,force_strike:704,skill_1:3089,skill_2:1236,skill_3:1123,team_buff:0
6601,_c_Zardin,3*,water,sword,3724,[The_Shining_Overlord+Jewels_of_the_Sun][Siren][HDT2],!<hp100 & hp70>,,attack:1326,force_strike:603,skill_1:2647,skill_2:1059,skill_3:962,team_buff:0
10161,Chitose,4*,light,wand,3715,[Jewels_of_the_Sun+A_Game_of_Cat_and_Boar][Daikokuten][HDT2],<buff all team & hit15 & hp70>,,attack:3428,force_strike:0,skill_1:0,skill_2:0,skill_3:1039,team_buff:5693
3623,_c_Chitose,4*,light,wand,3715,[Jewels_of_the_Sun+A_Game_of_Cat_and_Boar][Daikokuten][HDT2],!<buff all team & hit15 & hp70>,,attack:2786,force_strike:0,skill_1:0,skill_2:0,skill_3:837,team_buff:0
7744,Hanabusa,4*,light,blade,3779,[Resounding_Rendition+Jewels_of_the_Sun][Cupid][HDT2],<hp70>,,attack:2803,force_strike:0,skill_1:2674,skill_2:0,skill_3:997,team_buff:1268
7044,_c_Hanabusa,4*,light,blade,3779,[Resounding_Rendition+Jewels_of_the_Sun][Cupid][HDT2],!<hp70>,,attack:2500,force_strike:0,skill_1:2385,skill_2:0,skill_3:889,team_buff:1268
14082,Mitsuhide,5*,light,dagger,3685,[Twinfold_Bonds+Spirit_of_the_Season][Daikokuten][HDT2],<hit15 & hp100 & 0 paralysis res>,90% paralysis uptime,attack:3530,force_strike:938,skill_1:3356,skill_2:3264,skill_3:1878,team_buff:0,s1_paralysis:1113
6253,_c_Mitsuhide,5*,light,dagger,3685,[Twinfold_Bonds+Spirit_of_the_Season][Daikokuten][HDT2],!<hit15 & hp100 & 0 paralysis res>,,attack:1777,force_strike:472,skill_1:1583,skill_2:1533,skill_3:887,team_buff:0
9997,Nobunaga,5*,flame,blade,4069,[Resounding_Rendition+Primal_Crisis][Konohana_Sakuya][Agito],<hit15 & hp70>,,attack:3182,force_strike:348,skill_1:2472,skill_2:1568,skill_3:0,team_buff:0,s1_boost:2425
6889,_c_Nobunaga,5*,flame,blade,4069,[Resounding_Rendition+Primal_Crisis][Konohana_Sakuya][Agito],!<hit15 & hp70>,,attack:2251,force_strike:242,skill_1:1680,skill_2:1066,skill_3:0,team_buff:0,s1_boost:1648
9126,Kirsty,5*,wind,lance,3769,[Resounding_Rendition+Beautiful_Nothingness][AC011_Garland][HDT2],<maintain shield & hp70 & maintain Dauntless Strength>,no poison,attack:3283,force_strike:0,skill_1:3742,skill_2:0,skill_3:1103,team_buff:996
5837,_c_Kirsty,5*,wind,lance,3769,[Resounding_Rendition+Beautiful_Nothingness][AC011_Garland][HDT2],!<maintain shield & hp70 & maintain Dauntless Strength>,no poison,attack:2002,force_strike:0,skill_1:2247,skill_2:0,skill_3:590,team_buff:996
11804,Joachim,4*,wind,bow,3629,[Dear_Diary+The_Fires_of_Hate][Vayu][HDT2],<hp70 & hp30 every 90s & hp100 & 0 poison res>,88% poison uptime,attack:2491,force_strike:0,skill_1:4714,skill_2:0,skill_3:1535,team_buff:799,s1_poison:2262
4531,_c_Joachim,4*,wind,bow,3629,[Dear_Diary+The_Fires_of_Hate][Vayu][HDT2],!<hp70 & hp30 every 90s & hp100 & 0 poison res>,,attack:1413,force_strike:0,skill_1:1483,skill_2:0,skill_3:835,team_buff:799
12947,Ieyasu,5*,shadow,blade,4124,[Resounding_Rendition+Jewels_of_the_Sun][Shinobi][HDT2],<hp70>,,attack:2242,force_strike:0,skill_1:5170,skill_2:0,skill_3:702,team_buff:0,s1_bleed:4833
9984,_c_Ieyasu,5*,shadow,blade,4124,[Resounding_Rendition+Jewels_of_the_Sun][Shinobi][HDT2],!<hp70>,,attack:1729,force_strike:0,skill_1:3999,skill_2:0,skill_3:537,team_buff:0,s1_bleed:3718
8344,Sinoa,4*,flame,wand,3928,[Candy_Couriers+Primal_Crisis][Dreadking_Rathalos][Agito],<hp100 & hit15>,,attack:3511,force_strike:901,skill_1:0,skill_2:1971,skill_3:0,team_buff:1959
6925,_c_Sinoa,4*,flame,wand,3928,[Candy_Couriers+Primal_Crisis][Dreadking_Rathalos][Agito],!<hp100 & hit15>,,attack:2744,force_strike:697,skill_1:0,skill_2:1524,skill_3:0,team_buff:1959
11738,Patia,4*,shadow,lance,3702,[Valiant_Crown+Jewels_of_the_Sun][Fatalis][HDT2],<hp70>,,attack:3289,force_strike:340,skill_1:0,skill_2:1672,skill_3:1058,team_buff:3277,s2_bleed:2100
11293,_c_Patia,4*,shadow,lance,3702,[Valiant_Crown+Jewels_of_the_Sun][Fatalis][HDT2],!<hp70>,,attack:3116,force_strike:322,skill_1:0,skill_2:1584,skill_3:1002,team_buff:3277,s2_bleed:1990
11258,Heinwald,5*,shadow,staff,3582,[Resounding_Rendition+Beautiful_Nothingness][Fatalis][HDT2],<buff all teammates & hp70>,,attack:2728,force_strike:0,skill_1:4892,skill_2:0,skill_3:1506,team_buff:2130
6855,_c_Heinwald,5*,shadow,staff,3582,[Resounding_Rendition+Beautiful_Nothingness][Fatalis][HDT2],!<buff all teammates & hp70>,,attack:2454,force_strike:0,skill_1:3365,skill_2:0,skill_3:1035,team_buff:0
11774,Gala_Luca,5*,light,blade,3803,[The_Wyrmclan_Duo+Primal_Crisis][Daikokuten][HDT2],<hit15 & hp70>,,attack:3871,force_strike:0,skill_1:6219,skill_2:0,skill_3:1682,team_buff:0
7003,_c_Gala_Luca,5*,light,blade,3803,[The_Wyrmclan_Duo+Primal_Crisis][Daikokuten][HDT2],!<hit15 & hp70>,,attack:2391,force_strike:0,skill_1:3671,skill_2:0,skill_3:940,team_buff:0
4626,Aurien,3*,flame,staff,3846,[Resounding_Rendition+Beautiful_Nothingness][Apollo][Agito],<hp70 & 0 burn res>,no s1; 39% burn uptime,attack:3712,force_strike:0,skill_1:0,skill_2:644,skill_3:0,team_buff:0,s2_burn:269
3523,_c_Aurien,3*,flame,staff,3846,[Resounding_Rendition+Beautiful_Nothingness][Apollo][Agito],!<hp70 & 0 burn res>,no s1,attack:3085,force_strike:0,skill_1:0,skill_2:438,skill_3:0,team_buff:0
12495,Hunter_Berserker,5*,flame,sword,3925,[Levins_Champion+The_Lurker_in_the_Woods][Dreadking_Rathalos][Agito],<hp70>,,attack:0,force_strike:9732,skill_1:2031,skill_2:0,skill_3:0,team_buff:731
11694,_c_Hunter_Berserker,5*,flame,sword,3925,[Levins_Champion+The_Lurker_in_the_Woods][Dreadking_Rathalos][Agito],!<hp70>,,attack:0,force_strike:9069,skill_1:1893,skill_2:0,skill_3:0,team_buff:731
10433,Hunter_Vanessa,5*,light,lance,3890,[Resounding_Rendition+The_Chocolatiers][Corsaint_Phoenix][HDT2],<hp70 & 0 paralysis res>,96% paralysis uptime,attack:2797,force_strike:1538,skill_1:3273,skill_2:0,skill_3:1029,team_buff:805,s1_paralysis:988
7773,_c_Hunter_Vanessa,5*,light,lance,3890,[Resounding_Rendition+The_Chocolatiers][Corsaint_Phoenix][HDT2],!<hp70 & 0 paralysis res>,,attack:2225,force_strike:1249,skill_1:2676,skill_2:0,skill_3:817,team_buff:805
13326,Hunter_Sarisse,5*,water,bow,3700,[The_Lurker_in_the_Woods+Dear_Diary][Dragonyule_Jeanne][HDT2],<lance+ distance from HBH sized enemy & hp30 every 90s>,fs hit count vary on distance and enemy size; extra hits do 70% less damage than previous hits,attack:0,force_strike:8723,skill_1:1986,skill_2:0,skill_3:0,team_buff:0,fs_extra_1:2616
9736,_c_Hunter_Sarisse,5*,water,bow,3700,[The_Lurker_in_the_Woods+Dear_Diary][Dragonyule_Jeanne][HDT2],!<lance+ distance from HBH sized enemy & hp30 every 90s>,fs hit count vary on distance and enemy size; extra hits do 70% less damage than previous hits,attack:0,force_strike:7930,skill_1:1806,skill_2:0,skill_3:0,team_buff:0
11278,Valentines_Melody,5*,wind,axe,3750,[Kung_Fu_Masters+The_Fires_of_Hate][Vayu][HDT2],<hp100 & s1 defdown for 10s & 0 poison res>,c4fsf c5 c4 s1; 58% poison uptime,attack:3494,force_strike:0,skill_1:2284,skill_2:1497,skill_3:1143,team_buff:2495,s2_poison:362
4990,_c_Valentines_Melody,5*,wind,axe,3750,[Kung_Fu_Masters+The_Fires_of_Hate][Vayu][HDT2],!<hp100 & s1 defdown for 10s & 0 poison res>,c4fsf c5 c4 s1,attack:2239,force_strike:0,skill_1:1548,skill_2:1202,skill_3:0,team_buff:0
14112,Valentines_Addis,5*,shadow,bow,3635,[The_Plaguebringer+Primal_Crisis][Shinobi][HDT2],<hit15 & 0 poison res & hp=20%>,use s2 once; 90% poison uptime,attack:2838,force_strike:0,skill_1:7151,skill_2:0,skill_3:2201,team_buff:0,s1_poison:1920
5088,_c_Valentines_Addis,5*,shadow,bow,3635,[The_Plaguebringer+Primal_Crisis][Shinobi][HDT2],!<hit15 & 0 poison res & hp=20%>,use s2 once,attack:1567,force_strike:0,skill_1:2358,skill_2:0,skill_3:1162,team_buff:0
9856,Victor,5*,wind,blade,3845,[Resounding_Rendition+Jewels_of_the_Sun][Vayu][HDT2],<hp70>,,attack:2071,force_strike:0,skill_1:3367,skill_2:1130,skill_3:565,team_buff:0,s1_bleed:2721
7842,_c_Victor,5*,wind,blade,3845,[Resounding_Rendition+Jewels_of_the_Sun][Vayu][HDT2],!<hp70>,,attack:1647,force_strike:0,skill_1:2677,skill_2:899,skill_3:449,team_buff:0,s1_bleed:2168
8801,Summer_Cleo,5*,light,bow,3548,[Forest_Bonds+Dear_Diary][Corsaint_Phoenix][HDT2],<buff all team & hp30 every 90s & 0 paralysis res>,nofs; 87% paralysis uptime,attack:2531,force_strike:0,skill_1:2946,skill_2:0,skill_3:1134,team_buff:689,s1_paralysis:798,s1_boost:702
4019,_c_Summer_Cleo,5*,light,bow,3548,[Forest_Bonds+Dear_Diary][Corsaint_Phoenix][HDT2],!<buff all team & hp30 every 90s & 0 paralysis res>,nofs,attack:1671,force_strike:0,skill_1:1494,skill_2:0,skill_3:684,team_buff:0,s1_boost:169
6316,Summer_Luca,4*,light,axe,3925,[Kung_Fu_Masters+Flower_in_the_Fray][Cupid][HDT2],<energy & hp70>,,attack:2890,force_strike:306,skill_1:2548,skill_2:0,skill_3:505,team_buff:0,s1_energized:65
5883,_c_Summer_Luca,4*,light,axe,3925,[Kung_Fu_Masters+Flower_in_the_Fray][Cupid][HDT2],!<energy & hp70>,,attack:2720,force_strike:288,skill_1:2399,skill_2:0,skill_3:475,team_buff:0
9292,Addis,4*,wind,blade,3857,[Resounding_Rendition+Beautiful_Nothingness][Vayu][HDT2],<hp70 & 0 poison res>,s2 c2 s1 c5fsf c4fs s1; hold s2s1 until bleed under 3; 25% poison uptime,attack:2389,force_strike:63,skill_1:3739,skill_2:0,skill_3:584,team_buff:0,s1_poison:150,s1_bleed:2364
7970,_c_Addis,4*,wind,blade,3857,[Resounding_Rendition+Beautiful_Nothingness][Vayu][HDT2],!<hp70 & 0 poison res>,s2 c2 s1 c5fsf c4fs s1; hold s2s1 until bleed under 3,attack:2094,force_strike:55,skill_1:3276,skill_2:0,skill_3:512,team_buff:0,s1_bleed:2031
12978,Ezelith,5*,flame,dagger,4018,[Twinfold_Bonds+Levins_Champion][Arctos][Agito],<hit15 & hp70>,,attack:5473,force_strike:623,skill_1:6562,skill_2:0,skill_3:0,team_buff:319
11454,_c_Ezelith,5*,flame,dagger,4018,[Twinfold_Bonds+Levins_Champion][Arctos][Agito],!<hit15 & hp70>,,attack:4832,force_strike:558,skill_1:5736,skill_2:0,skill_3:0,team_buff:327
7682,Sazanka,4*,shadow,axe,3834,[Kung_Fu_Masters+Crystalian_Envoy][Shinobi][HDT2],<hp70 & 80 sleep res>,,attack:2094,force_strike:272,skill_1:2546,skill_2:0,skill_3:646,team_buff:0,s1_bleed:2096,fs_boost:26
6877,_c_Sazanka,4*,shadow,axe,3834,[Kung_Fu_Masters+Crystalian_Envoy][Shinobi][HDT2],!<hp70 & 80 sleep res>,,attack:1879,force_strike:245,skill_1:2282,skill_2:0,skill_3:561,team_buff:0,s1_bleed:1883,fs_boost:24
10565,Natalie,5*,shadow,blade,3959,[Tough_Love+The_Chocolatiers][Shinobi][HDT2],<energy & last offense & hp=20%>,s2 without str buff,attack:2398,force_strike:77,skill_1:6397,skill_2:0,skill_3:1318,team_buff:0,s1_energized:372
7228,_c_Natalie,5*,shadow,blade,3959,[Tough_Love+The_Chocolatiers][Shinobi][HDT2],!<energy & last offense & hp=20%>,s2 without str buff,attack:2187,force_strike:70,skill_1:3770,skill_2:0,skill_3:1199,team_buff:0
